<ImportExportXml version="9.2.23012.180" SolutionPackageVersion="9.2" languagecode="1033" generatedBy="CrmLive" xmlns:xsi="http://www.w3.org/2001/XMLSchema-instance">
  <SolutionManifest>
    <UniqueName>TreasuryFileUploadMockUp</UniqueName>
    <LocalizedNames>
      <LocalizedName description="Treasury File Upload Mock Up" languagecode="1033" />
    </LocalizedNames>
    <Descriptions />
    <Version>1.0.0.6</Version>
    <Managed>0</Managed>
    <Publisher>
      <UniqueName>gregpub</UniqueName>
      <LocalizedNames>
        <LocalizedName description="Greg is the Publisher" languagecode="1033" />
      </LocalizedNames>
      <Descriptions />
      <EMailAddress xsi:nil="true"></EMailAddress>
      <SupportingWebsiteUrl xsi:nil="true"></SupportingWebsiteUrl>
      <CustomizationPrefix>new</CustomizationPrefix>
      <CustomizationOptionValuePrefix>10000</CustomizationOptionValuePrefix>
      <Addresses>
        <Address>
          <AddressNumber>1</AddressNumber>
          <AddressTypeCode>1</AddressTypeCode>
          <City xsi:nil="true"></City>
          <County xsi:nil="true"></County>
          <Country xsi:nil="true"></Country>
          <Fax xsi:nil="true"></Fax>
          <FreightTermsCode xsi:nil="true"></FreightTermsCode>
          <ImportSequenceNumber xsi:nil="true"></ImportSequenceNumber>
          <Latitude xsi:nil="true"></Latitude>
          <Line1 xsi:nil="true"></Line1>
          <Line2 xsi:nil="true"></Line2>
          <Line3 xsi:nil="true"></Line3>
          <Longitude xsi:nil="true"></Longitude>
          <Name xsi:nil="true"></Name>
          <PostalCode xsi:nil="true"></PostalCode>
          <PostOfficeBox xsi:nil="true"></PostOfficeBox>
          <PrimaryContactName xsi:nil="true"></PrimaryContactName>
          <ShippingMethodCode>1</ShippingMethodCode>
          <StateOrProvince xsi:nil="true"></StateOrProvince>
          <Telephone1 xsi:nil="true"></Telephone1>
          <Telephone2 xsi:nil="true"></Telephone2>
          <Telephone3 xsi:nil="true"></Telephone3>
          <TimeZoneRuleVersionNumber xsi:nil="true"></TimeZoneRuleVersionNumber>
          <UPSZone xsi:nil="true"></UPSZone>
          <UTCOffset xsi:nil="true"></UTCOffset>
          <UTCConversionTimeZoneCode xsi:nil="true"></UTCConversionTimeZoneCode>
        </Address>
        <Address>
          <AddressNumber>2</AddressNumber>
          <AddressTypeCode>1</AddressTypeCode>
          <City xsi:nil="true"></City>
          <County xsi:nil="true"></County>
          <Country xsi:nil="true"></Country>
          <Fax xsi:nil="true"></Fax>
          <FreightTermsCode xsi:nil="true"></FreightTermsCode>
          <ImportSequenceNumber xsi:nil="true"></ImportSequenceNumber>
          <Latitude xsi:nil="true"></Latitude>
          <Line1 xsi:nil="true"></Line1>
          <Line2 xsi:nil="true"></Line2>
          <Line3 xsi:nil="true"></Line3>
          <Longitude xsi:nil="true"></Longitude>
          <Name xsi:nil="true"></Name>
          <PostalCode xsi:nil="true"></PostalCode>
          <PostOfficeBox xsi:nil="true"></PostOfficeBox>
          <PrimaryContactName xsi:nil="true"></PrimaryContactName>
          <ShippingMethodCode>1</ShippingMethodCode>
          <StateOrProvince xsi:nil="true"></StateOrProvince>
          <Telephone1 xsi:nil="true"></Telephone1>
          <Telephone2 xsi:nil="true"></Telephone2>
          <Telephone3 xsi:nil="true"></Telephone3>
          <TimeZoneRuleVersionNumber xsi:nil="true"></TimeZoneRuleVersionNumber>
          <UPSZone xsi:nil="true"></UPSZone>
          <UTCOffset xsi:nil="true"></UTCOffset>
          <UTCConversionTimeZoneCode xsi:nil="true"></UTCConversionTimeZoneCode>
        </Address>
      </Addresses>
    </Publisher>
    <RootComponents>
      <RootComponent type="1" schemaName="account" behavior="0" />
      <RootComponent type="1" schemaName="adx_invitation" behavior="0" />
      <RootComponent type="1" schemaName="adx_webrole" behavior="2" />
      <RootComponent type="1" schemaName="businessunit" behavior="0" />
      <RootComponent type="1" schemaName="contact" behavior="0" />
      <RootComponent type="1" schemaName="new_files" behavior="0" />
      <RootComponent type="1" schemaName="new_fileuploadrequests" behavior="0" />
      <RootComponent type="1" schemaName="new_fileuploads" behavior="0" />
      <RootComponent type="1" schemaName="new_portalaccessrequests" behavior="0" />
      <RootComponent type="9" schemaName="new_fileuploadtype" behavior="0" />
      <RootComponent type="9" schemaName="new_tokendurationhours" behavior="0" />
      <RootComponent type="29" id="{3327626f-e2f7-ec11-bb3d-00224808adb5}" behavior="0" />
      <RootComponent type="29" id="{3b5f64e7-279c-ed11-aad1-6045bd006076}" behavior="0" />
      <RootComponent type="29" id="{4e49007f-6697-ed11-aad1-6045bd006076}" behavior="0" />
      <RootComponent type="29" id="{f08e7745-599e-ed11-aad1-6045bd006076}" behavior="0" />
      <RootComponent type="62" schemaName="new_Contactsgjr" behavior="0" />
      <RootComponent type="62" schemaName="new_Files" behavior="0" />
      <RootComponent type="62" schemaName="new_FileUploadRequest" behavior="0" />
      <RootComponent type="62" schemaName="new_PortalAccessRequest" behavior="0" />
      <RootComponent type="80" schemaName="new_Contactsgjr" behavior="0" />
      <RootComponent type="80" schemaName="new_Files" behavior="0" />
      <RootComponent type="80" schemaName="new_FileUploadRequest" behavior="0" />
      <RootComponent type="80" schemaName="new_PortalAccessRequest" behavior="0" />
      <RootComponent type="300" schemaName="new_manageazureblobs_1738c" behavior="0" />
    </RootComponents>
    <MissingDependencies>
      <MissingDependency>
        <Required type="1" schemaName="adx_bpf_c2857b638fa7473d8e2f112c232cebd8" displayName="Change Password for Portals Contact" solution="MicrosoftIdentity (9.3.2204.0)">
          <package>CDSBasePortal (9.3.2209.79)</package>
          <package>CDSStarterPortal (9.2.2006.10)</package>
        </Required>
        <Dependent type="1" schemaName="contact" displayName="Contact" />
      </MissingDependency>
      <MissingDependency>
        <Required type="1" schemaName="adx_externalidentity" displayName="External Identity" solution="MicrosoftIdentity (9.3.2204.0)">
          <package>CDSBasePortal (9.3.2209.79)</package>
          <package>CDSStarterPortal (9.2.2006.10)</package>
        </Required>
        <Dependent type="1" schemaName="contact" displayName="Contact" />
      </MissingDependency>
      <MissingDependency>
        <Required type="1" schemaName="adx_invitation" displayName="Invitation" solution="MicrosoftPortalBase (9.3.2204.5)">
          <package>CDSBasePortal (9.3.2209.79)</package>
          <package>CDSStarterPortal (9.2.2006.10)</package>
        </Required>
        <Dependent type="1" schemaName="adx_invitation" displayName="Invitation" />
      </MissingDependency>
      <MissingDependency>
        <Required type="1" schemaName="adx_invitation" displayName="Invitation" solution="MicrosoftPortalBase (9.3.2204.5)">
          <package>CDSBasePortal (9.3.2209.79)</package>
          <package>CDSStarterPortal (9.2.2006.10)</package>
        </Required>
        <Dependent type="10" schemaName="adx_invitation_assigntoaccount" displayName="adx_invitation_assigntoaccount" parentSchemaName="account" parentDisplayName="Account" />
      </MissingDependency>
      <MissingDependency>
        <Required type="1" schemaName="adx_invitation" displayName="Invitation" solution="MicrosoftPortalBase (9.3.2204.5)">
          <package>CDSBasePortal (9.3.2209.79)</package>
          <package>CDSStarterPortal (9.2.2006.10)</package>
        </Required>
        <Dependent type="10" schemaName="adx_invitation_website" displayName="adx_invitation_website" parentSchemaName="adx_website" parentDisplayName="Website" />
      </MissingDependency>
      <MissingDependency>
        <Required type="1" schemaName="adx_invitation" displayName="Invitation" solution="MicrosoftPortalBase (9.3.2204.5)">
          <package>CDSBasePortal (9.3.2209.79)</package>
          <package>CDSStarterPortal (9.2.2006.10)</package>
        </Required>
        <Dependent type="10" schemaName="adx_invitation_invitercontact" displayName="adx_invitation_invitercontact" parentSchemaName="contact" parentDisplayName="Contact" />
      </MissingDependency>
      <MissingDependency>
        <Required type="1" schemaName="adx_invitation" displayName="Invitation" solution="MicrosoftPortalBase (9.3.2204.5)">
          <package>CDSBasePortal (9.3.2209.79)</package>
          <package>CDSStarterPortal (9.2.2006.10)</package>
        </Required>
        <Dependent type="2" schemaName="createdby" displayName="Created By" parentSchemaName="adx_invitation" parentDisplayName="Invitation" />
      </MissingDependency>
      <MissingDependency>
        <Required type="1" schemaName="adx_invitation" displayName="Invitation" solution="MicrosoftPortalBase (9.3.2204.5)">
          <package>CDSBasePortal (9.3.2209.79)</package>
          <package>CDSStarterPortal (9.2.2006.10)</package>
        </Required>
        <Dependent type="2" schemaName="createdonbehalfby" displayName="Created By (Delegate)" parentSchemaName="adx_invitation" parentDisplayName="Invitation" />
      </MissingDependency>
      <MissingDependency>
        <Required type="1" schemaName="adx_invitation" displayName="Invitation" solution="MicrosoftPortalBase (9.3.2204.5)">
          <package>CDSBasePortal (9.3.2209.79)</package>
          <package>CDSStarterPortal (9.2.2006.10)</package>
        </Required>
        <Dependent type="2" schemaName="modifiedby" displayName="Modified By" parentSchemaName="adx_invitation" parentDisplayName="Invitation" />
      </MissingDependency>
      <MissingDependency>
        <Required type="1" schemaName="adx_invitation" displayName="Invitation" solution="MicrosoftPortalBase (9.3.2204.5)">
          <package>CDSBasePortal (9.3.2209.79)</package>
          <package>CDSStarterPortal (9.2.2006.10)</package>
        </Required>
        <Dependent type="2" schemaName="modifiedonbehalfby" displayName="Modified By (Delegate)" parentSchemaName="adx_invitation" parentDisplayName="Invitation" />
      </MissingDependency>
      <MissingDependency>
        <Required type="1" schemaName="adx_invitation" displayName="Invitation" solution="MicrosoftPortalBase (9.3.2204.5)">
          <package>CDSBasePortal (9.3.2209.79)</package>
          <package>CDSStarterPortal (9.2.2006.10)</package>
        </Required>
        <Dependent type="2" schemaName="ownerid" displayName="Owner" parentSchemaName="adx_invitation" parentDisplayName="Invitation" />
      </MissingDependency>
      <MissingDependency>
        <Required type="1" schemaName="adx_invitation" displayName="Invitation" solution="MicrosoftPortalBase (9.3.2204.5)">
          <package>CDSBasePortal (9.3.2209.79)</package>
          <package>CDSStarterPortal (9.2.2006.10)</package>
        </Required>
        <Dependent type="2" schemaName="owneridtype" parentSchemaName="adx_invitation" parentDisplayName="Invitation" />
      </MissingDependency>
      <MissingDependency>
        <Required type="1" schemaName="adx_invitation" displayName="Invitation" solution="MicrosoftPortalBase (9.3.2204.5)">
          <package>CDSBasePortal (9.3.2209.79)</package>
          <package>CDSStarterPortal (9.2.2006.10)</package>
        </Required>
        <Dependent type="2" schemaName="owningbusinessunit" displayName="Owning Business Unit" parentSchemaName="adx_invitation" parentDisplayName="Invitation" />
      </MissingDependency>
      <MissingDependency>
        <Required type="1" schemaName="adx_invitation" displayName="Invitation" solution="MicrosoftPortalBase (9.3.2204.5)">
          <package>CDSBasePortal (9.3.2209.79)</package>
          <package>CDSStarterPortal (9.2.2006.10)</package>
        </Required>
        <Dependent type="2" schemaName="versionnumber" displayName="Version Number" parentSchemaName="adx_invitation" parentDisplayName="Invitation" />
      </MissingDependency>
      <MissingDependency>
        <Required type="1" schemaName="adx_invitation" displayName="Invitation" solution="MicrosoftPortalBase (9.3.2204.5)">
          <package>CDSBasePortal (9.3.2209.79)</package>
          <package>CDSStarterPortal (9.2.2006.10)</package>
        </Required>
        <Dependent type="29" displayName="Portal Access Request" id="{f08e7745-599e-ed11-aad1-6045bd006076}" />
      </MissingDependency>
      <MissingDependency>
        <Required type="1" schemaName="adx_pagealert" displayName="Page Alert" solution="MicrosoftPortalBase (9.3.2204.5)">
          <package>CDSBasePortal (9.3.2209.79)</package>
          <package>CDSStarterPortal (9.2.2006.10)</package>
        </Required>
        <Dependent type="1" schemaName="contact" displayName="Contact" />
      </MissingDependency>
      <MissingDependency>
        <Required type="1" schemaName="adx_pagenotification" displayName="Page Notification" solution="MicrosoftPortalBase (9.3.2204.5)">
          <package>CDSBasePortal (9.3.2209.79)</package>
          <package>CDSStarterPortal (9.2.2006.10)</package>
        </Required>
        <Dependent type="1" schemaName="contact" displayName="Contact" />
      </MissingDependency>
      <MissingDependency>
        <Required type="1" schemaName="adx_pollsubmission" displayName="Poll Submission" solution="MicrosoftPortalBase (9.3.2204.5)">
          <package>CDSBasePortal (9.3.2209.79)</package>
          <package>CDSStarterPortal (9.2.2006.10)</package>
        </Required>
        <Dependent type="1" schemaName="contact" displayName="Contact" />
      </MissingDependency>
      <MissingDependency>
        <Required type="1" schemaName="adx_portallanguage" displayName="Portal Language" solution="MicrosoftPortalBase (9.3.2204.5)">
          <package>CDSBasePortal (9.3.2209.79)</package>
          <package>CDSStarterPortal (9.2.2006.10)</package>
        </Required>
        <Dependent type="10" schemaName="adx_portallanguage_contact" displayName="adx_portallanguage_contact" parentSchemaName="adx_portallanguage" parentDisplayName="Portal Language" />
      </MissingDependency>
      <MissingDependency>
        <Required type="1" schemaName="adx_webfilelog" displayName="Web File Log" solution="MicrosoftPortalBase (9.3.2204.5)">
          <package>CDSBasePortal (9.3.2209.79)</package>
          <package>CDSStarterPortal (9.2.2006.10)</package>
        </Required>
        <Dependent type="1" schemaName="contact" displayName="Contact" />
      </MissingDependency>
      <MissingDependency>
        <Required type="1" schemaName="adx_webformsession" displayName="Multistep Form Session" solution="MicrosoftPortalWebForms (9.3.2209.2)">
          <package>CDSBasePortal (9.3.2209.79)</package>
          <package>CDSStarterPortal (9.2.2006.10)</package>
        </Required>
        <Dependent type="1" schemaName="contact" displayName="Contact" />
      </MissingDependency>
      <MissingDependency>
        <Required type="1" schemaName="adx_webpage" displayName="Web Page" solution="MicrosoftPortalDependencies (9.3.2209.2)">
          <package>CDSBasePortal (9.3.2209.79)</package>
          <package>CDSStarterPortal (9.2.2006.10)</package>
        </Required>
        <Dependent type="1" schemaName="contact" displayName="Contact" />
      </MissingDependency>
      <MissingDependency>
        <Required type="1" schemaName="adx_webpagehistory" displayName="Web Page History" solution="MicrosoftPortalBase (9.3.2204.5)">
          <package>CDSBasePortal (9.3.2209.79)</package>
          <package>CDSStarterPortal (9.2.2006.10)</package>
        </Required>
        <Dependent type="1" schemaName="contact" displayName="Contact" />
      </MissingDependency>
      <MissingDependency>
        <Required type="1" schemaName="adx_webpagelog" displayName="Web Page Log" solution="MicrosoftPortalBase (9.3.2204.5)">
          <package>CDSBasePortal (9.3.2209.79)</package>
          <package>CDSStarterPortal (9.2.2006.10)</package>
        </Required>
        <Dependent type="1" schemaName="contact" displayName="Contact" />
      </MissingDependency>
      <MissingDependency>
        <Required type="1" schemaName="adx_webrole" displayName="Web Role" solution="MicrosoftPortalDependencies (9.3.2209.2)">
          <package>CDSBasePortal (9.3.2209.79)</package>
          <package>CDSStarterPortal (9.2.2006.10)</package>
        </Required>
        <Dependent type="1" schemaName="adx_webrole" displayName="Web Role" />
      </MissingDependency>
      <MissingDependency>
        <Required type="1" schemaName="adx_website" displayName="Website" solution="MicrosoftPortalDependencies (9.3.2209.2)">
          <package>CDSBasePortal (9.3.2209.79)</package>
          <package>CDSStarterPortal (9.2.2006.10)</package>
        </Required>
        <Dependent type="10" schemaName="adx_invitation_website" displayName="adx_invitation_website" parentSchemaName="adx_website" parentDisplayName="Website" />
      </MissingDependency>
      <MissingDependency>
        <Required type="1" schemaName="canvasappextendedmetadata" displayName="CanvasApp Extended Metadata" solution="CanvasAppEntityExtensionSolution (9.1.22112.221109001)" />
        <Dependent type="1" schemaName="businessunit" displayName="Business Unit" />
      </MissingDependency>
      <MissingDependency>
        <Required type="1" schemaName="contoso_permit" displayName="Permit" solution="Active" />
        <Dependent type="1" schemaName="contact" displayName="Contact" />
      </MissingDependency>
      <MissingDependency>
        <Required type="1" schemaName="gregroe_project" displayName="eNepa_Project" solution="Active" />
        <Dependent type="1" schemaName="contact" displayName="Contact" />
      </MissingDependency>
      <MissingDependency>
        <Required type="1" schemaName="gregroe_project_test" displayName="Projects" solution="Active" />
        <Dependent type="1" schemaName="contact" displayName="Contact" />
      </MissingDependency>
      <MissingDependency>
        <Required type="1" schemaName="new_agencydepartment" displayName="Agency Department" solution="Active" />
        <Dependent type="1" schemaName="account" displayName="Account" />
      </MissingDependency>
      <MissingDependency>
        <Required type="1" schemaName="new_agencydepartment" displayName="Agency Department" solution="Active" />
        <Dependent type="10" schemaName="new_new_portalaccessrequests_AgencyDepartment" displayName="new_new_portalaccessrequests_AgencyDepartment" parentSchemaName="new_agencydepartment" parentDisplayName="Agency Department" />
      </MissingDependency>
      <MissingDependency>
        <Required type="1" schemaName="new_projectfiles" displayName="Project Files" solution="Active" />
        <Dependent type="1" schemaName="contact" displayName="Contact" />
      </MissingDependency>
      <MissingDependency>
        <Required type="10" schemaName="adx_invitation_assigntoaccount" displayName="adx_invitation_assigntoaccount" parentSchemaName="account" parentDisplayName="Account" solution="MicrosoftPortalBase (9.3.2204.5)">
          <package>CDSBasePortal (9.3.2209.79)</package>
          <package>CDSStarterPortal (9.2.2006.10)</package>
        </Required>
        <Dependent type="10" schemaName="adx_invitation_assigntoaccount" displayName="adx_invitation_assigntoaccount" parentSchemaName="account" parentDisplayName="Account" />
      </MissingDependency>
      <MissingDependency>
        <Required type="10" schemaName="adx_portallanguage_contact" displayName="adx_portallanguage_contact" parentSchemaName="adx_portallanguage" parentDisplayName="Portal Language" solution="MicrosoftPortalBase (9.3.2204.5)">
          <package>CDSBasePortal (9.3.2209.79)</package>
          <package>CDSStarterPortal (9.2.2006.10)</package>
        </Required>
        <Dependent type="10" schemaName="adx_portallanguage_contact" displayName="adx_portallanguage_contact" parentSchemaName="adx_portallanguage" parentDisplayName="Portal Language" />
      </MissingDependency>
      <MissingDependency>
        <Required type="10" schemaName="adx_invitation_website" displayName="adx_invitation_website" parentSchemaName="adx_website" parentDisplayName="Website" solution="MicrosoftPortalBase (9.3.2204.5)">
          <package>CDSBasePortal (9.3.2209.79)</package>
          <package>CDSStarterPortal (9.2.2006.10)</package>
        </Required>
        <Dependent type="10" schemaName="adx_invitation_website" displayName="adx_invitation_website" parentSchemaName="adx_website" parentDisplayName="Website" />
      </MissingDependency>
      <MissingDependency>
        <Required type="10" schemaName="adx_invitation_invitecontact" displayName="adx_invitation_invitecontact" parentSchemaName="contact" parentDisplayName="Contact" solution="MicrosoftPortalBase (9.3.2204.5)">
          <package>CDSBasePortal (9.3.2209.79)</package>
          <package>CDSStarterPortal (9.2.2006.10)</package>
        </Required>
        <Dependent type="10" schemaName="adx_invitation_invitercontact" displayName="adx_invitation_invitercontact" parentSchemaName="contact" parentDisplayName="Contact" />
      </MissingDependency>
      <MissingDependency>
        <Required type="10" schemaName="adx_invitation_invitercontact" displayName="adx_invitation_invitercontact" parentSchemaName="contact" parentDisplayName="Contact" solution="MicrosoftPortalBase (9.3.2204.5)">
          <package>CDSBasePortal (9.3.2209.79)</package>
          <package>CDSStarterPortal (9.2.2006.10)</package>
        </Required>
        <Dependent type="10" schemaName="adx_invitation_invitercontact" displayName="adx_invitation_invitercontact" parentSchemaName="contact" parentDisplayName="Contact" />
      </MissingDependency>
      <MissingDependency>
        <Required type="10" schemaName="adx_invitation_redeemedContact" displayName="adx_invitation_redeemedContact" parentSchemaName="contact" parentDisplayName="Contact" solution="MicrosoftPortalBase (9.3.2204.5)">
          <package>CDSBasePortal (9.3.2209.79)</package>
          <package>CDSStarterPortal (9.2.2006.10)</package>
        </Required>
        <Dependent type="10" schemaName="adx_invitation_invitercontact" displayName="adx_invitation_invitercontact" parentSchemaName="contact" parentDisplayName="Contact" />
      </MissingDependency>
      <MissingDependency>
        <Required type="2" schemaName="msa_managingpartnerid" displayName="Managing Partner" parentSchemaName="account" parentDisplayName="Account" solution="MicrosoftPortalDependencies (9.3.2209.2)">
          <package>CDSBasePortal (9.3.2209.79)</package>
          <package>CDSStarterPortal (9.2.2006.10)</package>
        </Required>
        <Dependent type="10" schemaName="msa_account_managingpartner" displayName="msa_account_managingpartner" parentSchemaName="account" parentDisplayName="Account" />
      </MissingDependency>
      <MissingDependency>
        <Required type="2" schemaName="adx_assigntoaccount" displayName="Assign To Account" parentSchemaName="adx_invitation" parentDisplayName="Invitation" solution="MicrosoftPortalBase (9.3.2204.5)">
          <package>CDSBasePortal (9.3.2209.79)</package>
          <package>CDSStarterPortal (9.2.2006.10)</package>
        </Required>
        <Dependent type="10" schemaName="adx_invitation_assigntoaccount" displayName="adx_invitation_assigntoaccount" parentSchemaName="account" parentDisplayName="Account" />
      </MissingDependency>
      <MissingDependency>
        <Required type="2" schemaName="adx_invitecontact" displayName="Invite Contact" parentSchemaName="adx_invitation" parentDisplayName="Invitation" solution="MicrosoftPortalBase (9.3.2204.5)">
          <package>CDSBasePortal (9.3.2209.79)</package>
          <package>CDSStarterPortal (9.2.2006.10)</package>
        </Required>
        <Dependent type="10" schemaName="adx_invitation_invitercontact" displayName="adx_invitation_invitercontact" parentSchemaName="contact" parentDisplayName="Contact" />
      </MissingDependency>
      <MissingDependency>
        <Required type="2" schemaName="adx_invitercontact" displayName="Inviter" parentSchemaName="adx_invitation" parentDisplayName="Invitation" solution="MicrosoftPortalBase (9.3.2204.5)">
          <package>CDSBasePortal (9.3.2209.79)</package>
          <package>CDSStarterPortal (9.2.2006.10)</package>
        </Required>
        <Dependent type="10" schemaName="adx_invitation_invitercontact" displayName="adx_invitation_invitercontact" parentSchemaName="contact" parentDisplayName="Contact" />
      </MissingDependency>
      <MissingDependency>
        <Required type="2" schemaName="adx_redeemedcontact" displayName="Redeemed Contact" parentSchemaName="adx_invitation" parentDisplayName="Invitation" solution="MicrosoftPortalBase (9.3.2204.5)">
          <package>CDSBasePortal (9.3.2209.79)</package>
          <package>CDSStarterPortal (9.2.2006.10)</package>
        </Required>
        <Dependent type="10" schemaName="adx_invitation_invitercontact" displayName="adx_invitation_invitercontact" parentSchemaName="contact" parentDisplayName="Contact" />
      </MissingDependency>
      <MissingDependency>
        <Required type="2" schemaName="adx_website" displayName="Website" parentSchemaName="adx_invitation" parentDisplayName="Invitation" solution="MicrosoftPortalBase (9.3.2204.5)">
          <package>CDSBasePortal (9.3.2209.79)</package>
          <package>CDSStarterPortal (9.2.2006.10)</package>
        </Required>
        <Dependent type="10" schemaName="adx_invitation_website" displayName="adx_invitation_website" parentSchemaName="adx_website" parentDisplayName="Website" />
      </MissingDependency>
      <MissingDependency>
        <Required type="2" schemaName="adx_name" displayName="Name" parentSchemaName="adx_portallanguage" parentDisplayName="Portal Language" solution="MicrosoftPortalBase (9.3.2204.5)">
          <package>CDSBasePortal (9.3.2209.79)</package>
          <package>CDSStarterPortal (9.2.2006.10)</package>
        </Required>
        <Dependent type="10" schemaName="adx_portallanguage_contact" displayName="adx_portallanguage_contact" parentSchemaName="adx_portallanguage" parentDisplayName="Portal Language" />
      </MissingDependency>
      <MissingDependency>
        <Required type="2" schemaName="adx_portallanguageid" displayName="Portal Language" parentSchemaName="adx_portallanguage" parentDisplayName="Portal Language" solution="MicrosoftPortalBase (9.3.2204.5)">
          <package>CDSBasePortal (9.3.2209.79)</package>
          <package>CDSStarterPortal (9.2.2006.10)</package>
        </Required>
        <Dependent type="10" schemaName="adx_portallanguage_contact" displayName="adx_portallanguage_contact" parentSchemaName="adx_portallanguage" parentDisplayName="Portal Language" />
      </MissingDependency>
      <MissingDependency>
        <Required type="2" schemaName="adx_name" displayName="Name" parentSchemaName="adx_website" parentDisplayName="Website" solution="MicrosoftPortalDependencies (9.3.2209.2)">
          <package>CDSBasePortal (9.3.2209.79)</package>
          <package>CDSStarterPortal (9.2.2006.10)</package>
        </Required>
        <Dependent type="10" schemaName="adx_invitation_website" displayName="adx_invitation_website" parentSchemaName="adx_website" parentDisplayName="Website" />
      </MissingDependency>
      <MissingDependency>
        <Required type="2" schemaName="adx_websiteid" displayName="Website" parentSchemaName="adx_website" parentDisplayName="Website" solution="MicrosoftPortalDependencies (9.3.2209.2)">
          <package>CDSBasePortal (9.3.2209.79)</package>
          <package>CDSStarterPortal (9.2.2006.10)</package>
        </Required>
        <Dependent type="10" schemaName="adx_invitation_website" displayName="adx_invitation_website" parentSchemaName="adx_website" parentDisplayName="Website" />
      </MissingDependency>
      <MissingDependency>
        <Required type="2" schemaName="adx_preferredlanguageid" displayName="Preferred Language" parentSchemaName="contact" parentDisplayName="Contact" solution="MicrosoftPortalBase (9.3.2204.5)">
          <package>CDSBasePortal (9.3.2209.79)</package>
          <package>CDSStarterPortal (9.2.2006.10)</package>
        </Required>
        <Dependent type="10" schemaName="adx_portallanguage_contact" displayName="adx_portallanguage_contact" parentSchemaName="adx_portallanguage" parentDisplayName="Portal Language" />
      </MissingDependency>
      <MissingDependency>
        <Required type="2" schemaName="msa_managingpartnerid" displayName="Managing Partner" parentSchemaName="contact" parentDisplayName="Contact" solution="MicrosoftPortalDependencies (9.3.2209.2)">
          <package>CDSBasePortal (9.3.2209.79)</package>
          <package>CDSStarterPortal (9.2.2006.10)</package>
        </Required>
        <Dependent type="2" schemaName="parentcustomerid" displayName="Company Name" parentSchemaName="contact" parentDisplayName="Contact" />
      </MissingDependency>
      <MissingDependency>
        <Required type="2" schemaName="new_agencydepartment" displayName="Agency Department" parentSchemaName="new_agencydepartment" parentDisplayName="Agency Department" solution="Active" />
        <Dependent type="10" schemaName="new_new_portalaccessrequests_AgencyDepartment" displayName="new_new_portalaccessrequests_AgencyDepartment" parentSchemaName="new_agencydepartment" parentDisplayName="Agency Department" />
      </MissingDependency>
      <MissingDependency>
        <Required type="2" schemaName="new_agencydepartmentid" displayName="Agency Department" parentSchemaName="new_agencydepartment" parentDisplayName="Agency Department" solution="Active" />
        <Dependent type="10" schemaName="new_new_portalaccessrequests_AgencyDepartment" displayName="new_new_portalaccessrequests_AgencyDepartment" parentSchemaName="new_agencydepartment" parentDisplayName="Agency Department" />
      </MissingDependency>
      <MissingDependency>
        <Required type="26" schemaName="All Accounts" displayName="All Accounts" parentSchemaName="account" parentDisplayName="Account" solution="msdynce_AppCommon (9.0.4.0066)" id="{65ffaf9a-e8c5-432d-860b-32f841b00d87}">
          <package>msdynce_AppCommonAnchor (9.0.23012.10001)</package>
        </Required>
        <Dependent type="60" displayName="Portal Access Request Main Form" parentDisplayName="Portal Access Requests" id="{1b878947-fc83-4e91-8baf-b31442bf9485}" />
      </MissingDependency>
      <MissingDependency>
        <Required type="60" displayName="account contact card" parentDisplayName="Contact" solution="msdynce_AppCommon (9.0.4.0066)" id="{29de27bc-a257-4f29-99cf-bab4a84e688f}">
          <package>msdynce_AppCommonAnchor (9.0.23012.10001)</package>
        </Required>
        <Dependent type="60" displayName="Account2" parentDisplayName="Account" id="{ab9699ac-ca81-eb11-a812-002248090849}" />
      </MissingDependency>
      <MissingDependency>
        <Required type="61" schemaName="msdyn_/Images/AppModule_Default_Icon.png" displayName="msdyn_/Images/AppModule_Default_Icon.png" solution="AppModuleWebResources (2.5)" />
        <Dependent type="80" schemaName="new_Contactsgjr" displayName="Contacts -gjr" />
      </MissingDependency>
      <MissingDependency>
        <Required type="61" schemaName="msdyn_/Images/AppModule_Default_Icon.png" displayName="msdyn_/Images/AppModule_Default_Icon.png" solution="AppModuleWebResources (2.5)" />
        <Dependent type="80" schemaName="new_Files" displayName="Files" />
      </MissingDependency>
      <MissingDependency>
        <Required type="61" schemaName="msdyn_/Images/AppModule_Default_Icon.png" displayName="msdyn_/Images/AppModule_Default_Icon.png" solution="AppModuleWebResources (2.5)" />
        <Dependent type="80" schemaName="new_FileUploadRequest" displayName="File Upload Request" />
      </MissingDependency>
      <MissingDependency>
        <Required type="61" schemaName="msdyn_/Images/AppModule_Default_Icon.png" displayName="msdyn_/Images/AppModule_Default_Icon.png" solution="AppModuleWebResources (2.5)" />
        <Dependent type="80" schemaName="new_PortalAccessRequest" displayName="Portal Access Request" />
      </MissingDependency>
      <MissingDependency>
        <Required type="66" schemaName="MscrmControls.Canvas.CanvasControl" displayName="MscrmControls.Canvas.CanvasControl" solution="BaseCustomControlsCore (9.0.2212.4020)" />
        <Dependent type="60" displayName="Account2" parentDisplayName="Account" id="{ab9699ac-ca81-eb11-a812-002248090849}" />
      </MissingDependency>
      <MissingDependency>
        <Required type="66" schemaName="MscrmControls.Canvas.CanvasControl" displayName="MscrmControls.Canvas.CanvasControl" solution="BaseCustomControlsCore (9.0.2212.4020)" />
        <Dependent type="60" displayName="Contactwcanvasapp" parentDisplayName="Contact" id="{efec4804-c181-eb11-a812-002248090849}" />
      </MissingDependency>
      <MissingDependency>
        <Required type="66" schemaName="MscrmControls.CardFeedContainer.CardFeedContainer" displayName="MscrmControls.CardFeedContainer.CardFeedContainer" solution="BaseCustomControlsCore (9.0.2212.4020)" />
        <Dependent type="60" displayName="Account2" parentDisplayName="Account" id="{ab9699ac-ca81-eb11-a812-002248090849}" />
      </MissingDependency>
      <MissingDependency>
        <Required type="66" schemaName="MscrmControls.CardFeedContainer.CardFeedContainer" displayName="MscrmControls.CardFeedContainer.CardFeedContainer" solution="BaseCustomControlsCore (9.0.2212.4020)" />
        <Dependent type="60" displayName="Contactwcanvasapp" parentDisplayName="Contact" id="{efec4804-c181-eb11-a812-002248090849}" />
      </MissingDependency>
      <MissingDependency>
        <Required type="connectionreference" displayName="new_sharedapprovals_97712" solution="Active" id.connectionreferencelogicalname="new_sharedapprovals_97712" />
        <Dependent type="29" displayName="Portal Access Request" id="{f08e7745-599e-ed11-aad1-6045bd006076}" />
      </MissingDependency>
      <MissingDependency>
        <Required type="connectionreference" displayName="new_sharedcommondataserviceforapps_c8d1b" solution="Active" id.connectionreferencelogicalname="new_sharedcommondataserviceforapps_c8d1b" />
        <Dependent type="29" displayName="Datalake blob events  with retry" id="{3b5f64e7-279c-ed11-aad1-6045bd006076}" />
      </MissingDependency>
      <MissingDependency>
        <Required type="connectionreference" displayName="new_sharedcommondataserviceforapps_c8d1b" solution="Active" id.connectionreferencelogicalname="new_sharedcommondataserviceforapps_c8d1b" />
        <Dependent type="29" displayName="Portal Access Request" id="{f08e7745-599e-ed11-aad1-6045bd006076}" />
      </MissingDependency>
      <MissingDependency>
        <Required type="connectionreference" displayName="new_sharedmsgraphgroupsanduser_4be07" solution="Active" id.connectionreferencelogicalname="new_sharedmsgraphgroupsanduser_4be07" />
        <Dependent type="29" displayName="Portal Access Request" id="{f08e7745-599e-ed11-aad1-6045bd006076}" />
      </MissingDependency>
      <MissingDependency>
        <Required type="connectionreference" displayName="new_sharedoffice365_092e2" solution="Active" id.connectionreferencelogicalname="new_sharedoffice365_092e2" />
        <Dependent type="29" displayName="Portal Access Request" id="{f08e7745-599e-ed11-aad1-6045bd006076}" />
      </MissingDependency>
      <MissingDependency>
        <Required type="connectionreference" displayName="new_sharedoffice365groups_8efe1" solution="Active" id.connectionreferencelogicalname="new_sharedoffice365groups_8efe1" />
        <Dependent type="29" displayName="Portal Access Request" id="{f08e7745-599e-ed11-aad1-6045bd006076}" />
      </MissingDependency>
    </MissingDependencies>
  </SolutionManifest>
</ImportExportXml>