<environmentvariabledefinition schemaname="uspschat_CognitiveSearch_Semantic_Url">
  <defaultvalue>https://[INSERT COGNITIVER SEARCH RESOURCE NAME].search.windows.net/indexes/[INSERT INDEX NAME]/docs/search?api-version=2021-04-30-Preview</defaultvalue>
  <displayname default="CognitiveSearch_Semantic_Url">
    <label description="CognitiveSearch_Semantic_Url" languagecode="1033" />
  </displayname>
  <introducedversion>1.0.0.0</introducedversion>
  <iscustomizable>1</iscustomizable>
  <isrequired>0</isrequired>
  <secretstore>0</secretstore>
  <type>100000000</type>
</environmentvariabledefinition>