<environmentvariabledefinition schemaname="gjr_azurefunction_base_url">
  <description default="the url of the deployed user management function">
    <label description="the url of the deployed user management function" languagecode="1033" />
  </description>
  <displayname default="azurefunction_base_url">
    <label description="azurefunction_base_url" languagecode="1033" />
  </displayname>
  <introducedversion>1.0.0.3</introducedversion>
  <iscustomizable>1</iscustomizable>
  <isrequired>0</isrequired>
  <secretstore>0</secretstore>
  <type>100000000</type>
</environmentvariabledefinition>