<bot_botcomponentset>
  <bot_botcomponent botcomponentid.schemaname="new_customtype_7f3553d3f4444f1999d3cc6021f0928b_92610204747047ac8f788f7eecd91118" botid.schemaname="new_bot_7f3553d3f4444f1999d3cc6021f0928b">
    <iscustomizable>1</iscustomizable>
  </bot_botcomponent>
  <bot_botcomponent botcomponentid.schemaname="new_customtype_7f3553d3f4444f1999d3cc6021f0928b_f86fcadfd497444e91ed11c12b059d10" botid.schemaname="new_bot_7f3553d3f4444f1999d3cc6021f0928b">
    <iscustomizable>1</iscustomizable>
  </bot_botcomponent>
  <bot_botcomponent botcomponentid.schemaname="new_customtype_b66e9e92cd304e24a8b8e879495a3c1a_92610204747047ac8f788f7eecd91118" botid.schemaname="new_bot_b66e9e92cd304e24a8b8e879495a3c1a">
    <iscustomizable>1</iscustomizable>
  </bot_botcomponent>
  <bot_botcomponent botcomponentid.schemaname="new_customtype_b66e9e92cd304e24a8b8e879495a3c1a_f86fcadfd497444e91ed11c12b059d10" botid.schemaname="new_bot_b66e9e92cd304e24a8b8e879495a3c1a">
    <iscustomizable>1</iscustomizable>
  </bot_botcomponent>
  <bot_botcomponent botcomponentid.schemaname="new_customtype_dd633dadbbfb4660897c543957aa815d" botid.schemaname="new_bot_b66e9e92cd304e24a8b8e879495a3c1a">
    <iscustomizable>1</iscustomizable>
  </bot_botcomponent>
  <bot_botcomponent botcomponentid.schemaname="new_topic_0e9c64df2cf74feb8ef3d7eea3a486af" botid.schemaname="new_bot_7f3553d3f4444f1999d3cc6021f0928b">
    <iscustomizable>1</iscustomizable>
  </bot_botcomponent>
  <bot_botcomponent botcomponentid.schemaname="new_topic_3bef91eb52d247f8a68b338a5d1742b1" botid.schemaname="new_bot_b66e9e92cd304e24a8b8e879495a3c1a">
    <iscustomizable>1</iscustomizable>
  </bot_botcomponent>
  <bot_botcomponent botcomponentid.schemaname="new_topic_422a66ba274a4cc0ad27ab40515eac16" botid.schemaname="new_bot_7f3553d3f4444f1999d3cc6021f0928b">
    <iscustomizable>1</iscustomizable>
  </bot_botcomponent>
  <bot_botcomponent botcomponentid.schemaname="new_topic_44422677db8f4e4da96682e74c7149c8" botid.schemaname="new_bot_7f3553d3f4444f1999d3cc6021f0928b">
    <iscustomizable>1</iscustomizable>
  </bot_botcomponent>
  <bot_botcomponent botcomponentid.schemaname="new_topic_4dbf583a3d2443c6be67bab34e8a6d57" botid.schemaname="new_bot_7f3553d3f4444f1999d3cc6021f0928b">
    <iscustomizable>1</iscustomizable>
  </bot_botcomponent>
  <bot_botcomponent botcomponentid.schemaname="new_topic_72a3f89d94594dc8a95ce8f82b90f650" botid.schemaname="new_bot_7f3553d3f4444f1999d3cc6021f0928b">
    <iscustomizable>1</iscustomizable>
  </bot_botcomponent>
  <bot_botcomponent botcomponentid.schemaname="new_topic_75134ce1ac5f41b0b4cf96b76a6d1ebf" botid.schemaname="new_bot_7f3553d3f4444f1999d3cc6021f0928b">
    <iscustomizable>1</iscustomizable>
  </bot_botcomponent>
  <bot_botcomponent botcomponentid.schemaname="new_topic_7f3553d3f4444f1999d3cc6021f0928b_21a34f1673a24096a99ba0effb63cc1d" botid.schemaname="new_bot_7f3553d3f4444f1999d3cc6021f0928b">
    <iscustomizable>1</iscustomizable>
  </bot_botcomponent>
  <bot_botcomponent botcomponentid.schemaname="new_topic_7f3553d3f4444f1999d3cc6021f0928b_33d5123770ba4daeafae51b361ddc80a" botid.schemaname="new_bot_7f3553d3f4444f1999d3cc6021f0928b">
    <iscustomizable>1</iscustomizable>
  </bot_botcomponent>
  <bot_botcomponent botcomponentid.schemaname="new_topic_7f3553d3f4444f1999d3cc6021f0928b_3d2584ec30914684839527e05e7be172_thankyou" botid.schemaname="new_bot_7f3553d3f4444f1999d3cc6021f0928b">
    <iscustomizable>1</iscustomizable>
  </bot_botcomponent>
  <bot_botcomponent botcomponentid.schemaname="new_topic_7f3553d3f4444f1999d3cc6021f0928b_7620a288bb3e455984cace1ade5e259c_fallback" botid.schemaname="new_bot_7f3553d3f4444f1999d3cc6021f0928b">
    <iscustomizable>1</iscustomizable>
  </bot_botcomponent>
  <bot_botcomponent botcomponentid.schemaname="new_topic_7f3553d3f4444f1999d3cc6021f0928b_85df75ce08a44a9b82cc8f3fdb25f669" botid.schemaname="new_bot_7f3553d3f4444f1999d3cc6021f0928b">
    <iscustomizable>1</iscustomizable>
  </bot_botcomponent>
  <bot_botcomponent botcomponentid.schemaname="new_topic_7f3553d3f4444f1999d3cc6021f0928b_8a4964498f83424bb3a86295bf7d0952_startover" botid.schemaname="new_bot_7f3553d3f4444f1999d3cc6021f0928b">
    <iscustomizable>1</iscustomizable>
  </bot_botcomponent>
  <bot_botcomponent botcomponentid.schemaname="new_topic_7f3553d3f4444f1999d3cc6021f0928b_954135cafcd647eaae5999ad91fc08cf_talktoagent" botid.schemaname="new_bot_7f3553d3f4444f1999d3cc6021f0928b">
    <iscustomizable>1</iscustomizable>
  </bot_botcomponent>
  <bot_botcomponent botcomponentid.schemaname="new_topic_7f3553d3f4444f1999d3cc6021f0928b_aeabea4d071f415c8c107e1cb7af5424_assumedsuccess" botid.schemaname="new_bot_7f3553d3f4444f1999d3cc6021f0928b">
    <iscustomizable>1</iscustomizable>
  </bot_botcomponent>
  <bot_botcomponent botcomponentid.schemaname="new_topic_7f3553d3f4444f1999d3cc6021f0928b_ba7b967c97ba4c39bca58a8bb6a72d59_conversationstart" botid.schemaname="new_bot_7f3553d3f4444f1999d3cc6021f0928b">
    <iscustomizable>1</iscustomizable>
  </bot_botcomponent>
  <bot_botcomponent botcomponentid.schemaname="new_topic_7f3553d3f4444f1999d3cc6021f0928b_d2198a5ee41a48a5bf70ab8970145a9f_confirmedfailure" botid.schemaname="new_bot_7f3553d3f4444f1999d3cc6021f0928b">
    <iscustomizable>1</iscustomizable>
  </bot_botcomponent>
  <bot_botcomponent botcomponentid.schemaname="new_topic_7f3553d3f4444f1999d3cc6021f0928b_db1f76b081dc43389df9dd2df7518737_confirmedsuccess" botid.schemaname="new_bot_7f3553d3f4444f1999d3cc6021f0928b">
    <iscustomizable>1</iscustomizable>
  </bot_botcomponent>
  <bot_botcomponent botcomponentid.schemaname="new_topic_7f3553d3f4444f1999d3cc6021f0928b_dbafebd526364487911b63a2a774389f" botid.schemaname="new_bot_7f3553d3f4444f1999d3cc6021f0928b">
    <iscustomizable>1</iscustomizable>
  </bot_botcomponent>
  <bot_botcomponent botcomponentid.schemaname="new_topic_7f3553d3f4444f1999d3cc6021f0928b_f56d1a3e522740c78f9fac0939332dbd_goodbye" botid.schemaname="new_bot_7f3553d3f4444f1999d3cc6021f0928b">
    <iscustomizable>1</iscustomizable>
  </bot_botcomponent>
  <bot_botcomponent botcomponentid.schemaname="new_topic_86a852ecc8d1443d878c907bb7d97c89" botid.schemaname="new_bot_7f3553d3f4444f1999d3cc6021f0928b">
    <iscustomizable>1</iscustomizable>
  </bot_botcomponent>
  <bot_botcomponent botcomponentid.schemaname="new_topic_89d8a2300c1c4a7cb13eb50239ef39b6" botid.schemaname="new_bot_b66e9e92cd304e24a8b8e879495a3c1a">
    <iscustomizable>1</iscustomizable>
  </bot_botcomponent>
  <bot_botcomponent botcomponentid.schemaname="new_topic_8ecdefdcc23b43979c0b66ca5f535cc7" botid.schemaname="new_bot_7f3553d3f4444f1999d3cc6021f0928b">
    <iscustomizable>1</iscustomizable>
  </bot_botcomponent>
  <bot_botcomponent botcomponentid.schemaname="new_topic_af116d70b2934e1ea2bc58b4e0557d70" botid.schemaname="new_bot_b66e9e92cd304e24a8b8e879495a3c1a">
    <iscustomizable>1</iscustomizable>
  </bot_botcomponent>
  <bot_botcomponent botcomponentid.schemaname="new_topic_b57addefe6834301befee7e27c6d5a58" botid.schemaname="new_bot_7f3553d3f4444f1999d3cc6021f0928b">
    <iscustomizable>1</iscustomizable>
  </bot_botcomponent>
  <bot_botcomponent botcomponentid.schemaname="new_topic_b66e9e92cd304e24a8b8e879495a3c1a_21a34f1673a24096a99ba0effb63cc1d" botid.schemaname="new_bot_b66e9e92cd304e24a8b8e879495a3c1a">
    <iscustomizable>1</iscustomizable>
  </bot_botcomponent>
  <bot_botcomponent botcomponentid.schemaname="new_topic_b66e9e92cd304e24a8b8e879495a3c1a_33d5123770ba4daeafae51b361ddc80a" botid.schemaname="new_bot_b66e9e92cd304e24a8b8e879495a3c1a">
    <iscustomizable>1</iscustomizable>
  </bot_botcomponent>
  <bot_botcomponent botcomponentid.schemaname="new_topic_b66e9e92cd304e24a8b8e879495a3c1a_3d2584ec30914684839527e05e7be172_thankyou" botid.schemaname="new_bot_b66e9e92cd304e24a8b8e879495a3c1a">
    <iscustomizable>1</iscustomizable>
  </bot_botcomponent>
  <bot_botcomponent botcomponentid.schemaname="new_topic_b66e9e92cd304e24a8b8e879495a3c1a_85df75ce08a44a9b82cc8f3fdb25f669" botid.schemaname="new_bot_b66e9e92cd304e24a8b8e879495a3c1a">
    <iscustomizable>1</iscustomizable>
  </bot_botcomponent>
  <bot_botcomponent botcomponentid.schemaname="new_topic_b66e9e92cd304e24a8b8e879495a3c1a_8a4964498f83424bb3a86295bf7d0952_startover" botid.schemaname="new_bot_b66e9e92cd304e24a8b8e879495a3c1a">
    <iscustomizable>1</iscustomizable>
  </bot_botcomponent>
  <bot_botcomponent botcomponentid.schemaname="new_topic_b66e9e92cd304e24a8b8e879495a3c1a_954135cafcd647eaae5999ad91fc08cf_talktoagent" botid.schemaname="new_bot_b66e9e92cd304e24a8b8e879495a3c1a">
    <iscustomizable>1</iscustomizable>
  </bot_botcomponent>
  <bot_botcomponent botcomponentid.schemaname="new_topic_b66e9e92cd304e24a8b8e879495a3c1a_aeabea4d071f415c8c107e1cb7af5424_assumedsuccess" botid.schemaname="new_bot_b66e9e92cd304e24a8b8e879495a3c1a">
    <iscustomizable>1</iscustomizable>
  </bot_botcomponent>
  <bot_botcomponent botcomponentid.schemaname="new_topic_b66e9e92cd304e24a8b8e879495a3c1a_ba7b967c97ba4c39bca58a8bb6a72d59_conversationstart" botid.schemaname="new_bot_b66e9e92cd304e24a8b8e879495a3c1a">
    <iscustomizable>1</iscustomizable>
  </bot_botcomponent>
  <bot_botcomponent botcomponentid.schemaname="new_topic_b66e9e92cd304e24a8b8e879495a3c1a_d2198a5ee41a48a5bf70ab8970145a9f_confirmedfailure" botid.schemaname="new_bot_b66e9e92cd304e24a8b8e879495a3c1a">
    <iscustomizable>1</iscustomizable>
  </bot_botcomponent>
  <bot_botcomponent botcomponentid.schemaname="new_topic_b66e9e92cd304e24a8b8e879495a3c1a_db1f76b081dc43389df9dd2df7518737_confirmedsuccess" botid.schemaname="new_bot_b66e9e92cd304e24a8b8e879495a3c1a">
    <iscustomizable>1</iscustomizable>
  </bot_botcomponent>
  <bot_botcomponent botcomponentid.schemaname="new_topic_b66e9e92cd304e24a8b8e879495a3c1a_dbafebd526364487911b63a2a774389f" botid.schemaname="new_bot_b66e9e92cd304e24a8b8e879495a3c1a">
    <iscustomizable>1</iscustomizable>
  </bot_botcomponent>
  <bot_botcomponent botcomponentid.schemaname="new_topic_b66e9e92cd304e24a8b8e879495a3c1a_f56d1a3e522740c78f9fac0939332dbd_goodbye" botid.schemaname="new_bot_b66e9e92cd304e24a8b8e879495a3c1a">
    <iscustomizable>1</iscustomizable>
  </bot_botcomponent>
  <bot_botcomponent botcomponentid.schemaname="new_topic_c3d3f3f370864a65aa7c810e2f46a36d" botid.schemaname="new_bot_b66e9e92cd304e24a8b8e879495a3c1a">
    <iscustomizable>1</iscustomizable>
  </bot_botcomponent>
  <bot_botcomponent botcomponentid.schemaname="new_topic_d6ee3baa73d340d3b3abd44fce1c4123" botid.schemaname="new_bot_b66e9e92cd304e24a8b8e879495a3c1a">
    <iscustomizable>1</iscustomizable>
  </bot_botcomponent>
  <bot_botcomponent botcomponentid.schemaname="new_topic_dbf2704ccd474adda7ab992147f142df" botid.schemaname="new_bot_7f3553d3f4444f1999d3cc6021f0928b">
    <iscustomizable>1</iscustomizable>
  </bot_botcomponent>
  <bot_botcomponent botcomponentid.schemaname="new_variable_7f3553d3f4444f1999d3cc6021f0928b_029db2d5c0eb4c78a73c16fa68ff2776" botid.schemaname="new_bot_7f3553d3f4444f1999d3cc6021f0928b">
    <iscustomizable>1</iscustomizable>
  </bot_botcomponent>
  <bot_botcomponent botcomponentid.schemaname="new_variable_7f3553d3f4444f1999d3cc6021f0928b_0414b776a4334e67a7bb569d46eaac67" botid.schemaname="new_bot_7f3553d3f4444f1999d3cc6021f0928b">
    <iscustomizable>1</iscustomizable>
  </bot_botcomponent>
  <bot_botcomponent botcomponentid.schemaname="new_variable_7f3553d3f4444f1999d3cc6021f0928b_340aefff448e492eac88d718fbdf56ac" botid.schemaname="new_bot_7f3553d3f4444f1999d3cc6021f0928b">
    <iscustomizable>1</iscustomizable>
  </bot_botcomponent>
  <bot_botcomponent botcomponentid.schemaname="new_variable_7f3553d3f4444f1999d3cc6021f0928b_3fff6de044d14e8a9ea6abe1d3403469" botid.schemaname="new_bot_7f3553d3f4444f1999d3cc6021f0928b">
    <iscustomizable>1</iscustomizable>
  </bot_botcomponent>
  <bot_botcomponent botcomponentid.schemaname="new_variable_7f3553d3f4444f1999d3cc6021f0928b_5c324b64842f4fcc8ba61c23ced9cfd5" botid.schemaname="new_bot_7f3553d3f4444f1999d3cc6021f0928b">
    <iscustomizable>1</iscustomizable>
  </bot_botcomponent>
  <bot_botcomponent botcomponentid.schemaname="new_variable_7f3553d3f4444f1999d3cc6021f0928b_cab73742130a454c8b1d04153a1af5b9" botid.schemaname="new_bot_7f3553d3f4444f1999d3cc6021f0928b">
    <iscustomizable>1</iscustomizable>
  </bot_botcomponent>
  <bot_botcomponent botcomponentid.schemaname="new_variable_7f3553d3f4444f1999d3cc6021f0928b_e1224dae30e44332bce37e20f3226572" botid.schemaname="new_bot_7f3553d3f4444f1999d3cc6021f0928b">
    <iscustomizable>1</iscustomizable>
  </bot_botcomponent>
  <bot_botcomponent botcomponentid.schemaname="new_variable_7f3553d3f4444f1999d3cc6021f0928b_f9a653448e444555a721afd95869cee9" botid.schemaname="new_bot_7f3553d3f4444f1999d3cc6021f0928b">
    <iscustomizable>1</iscustomizable>
  </bot_botcomponent>
  <bot_botcomponent botcomponentid.schemaname="new_variable_7f3553d3f4444f1999d3cc6021f0928b_fad52646052b421da706409f6ba1d52e" botid.schemaname="new_bot_7f3553d3f4444f1999d3cc6021f0928b">
    <iscustomizable>1</iscustomizable>
  </bot_botcomponent>
  <bot_botcomponent botcomponentid.schemaname="new_variable_b66e9e92cd304e24a8b8e879495a3c1a_90e38cb8df0e45d08f90830072121e34" botid.schemaname="new_bot_b66e9e92cd304e24a8b8e879495a3c1a">
    <iscustomizable>1</iscustomizable>
  </bot_botcomponent>
</bot_botcomponentset>