<botcomponent_workflowset>
  <botcomponent_workflow botcomponentid.schemaname="new_topic_422a66ba274a4cc0ad27ab40515eac16" workflowid.workflowid="262d2cbd-c314-ed11-b83d-000d3a3791c9">
    <iscustomizable>1</iscustomizable>
  </botcomponent_workflow>
  <botcomponent_workflow botcomponentid.schemaname="new_topic_44422677db8f4e4da96682e74c7149c8" workflowid.workflowid="262d2cbd-c314-ed11-b83d-000d3a3791c9">
    <iscustomizable>1</iscustomizable>
  </botcomponent_workflow>
  <botcomponent_workflow botcomponentid.schemaname="new_topic_72a3f89d94594dc8a95ce8f82b90f650" workflowid.workflowid="0e212d70-f613-ed11-b83d-000d3a369537">
    <iscustomizable>1</iscustomizable>
  </botcomponent_workflow>
  <botcomponent_workflow botcomponentid.schemaname="new_topic_72a3f89d94594dc8a95ce8f82b90f650" workflowid.workflowid="262d2cbd-c314-ed11-b83d-000d3a3791c9">
    <iscustomizable>1</iscustomizable>
  </botcomponent_workflow>
  <botcomponent_workflow botcomponentid.schemaname="new_topic_7f3553d3f4444f1999d3cc6021f0928b_7620a288bb3e455984cace1ade5e259c_fallback" workflowid.workflowid="262d2cbd-c314-ed11-b83d-000d3a3791c9">
    <iscustomizable>1</iscustomizable>
  </botcomponent_workflow>
  <botcomponent_workflow botcomponentid.schemaname="new_topic_7f3553d3f4444f1999d3cc6021f0928b_7620a288bb3e455984cace1ade5e259c_fallback" workflowid.workflowid="9a6c7ffd-7a9e-ed11-aad1-6045bd006fc7">
    <iscustomizable>1</iscustomizable>
  </botcomponent_workflow>
  <botcomponent_workflow botcomponentid.schemaname="new_topic_7f3553d3f4444f1999d3cc6021f0928b_7620a288bb3e455984cace1ade5e259c_fallback" workflowid.workflowid="d539cc55-9b12-ed11-b83d-000d3a369d86">
    <iscustomizable>1</iscustomizable>
  </botcomponent_workflow>
  <botcomponent_workflow botcomponentid.schemaname="new_topic_7f3553d3f4444f1999d3cc6021f0928b_7620a288bb3e455984cace1ade5e259c_fallback" workflowid.workflowid="f9bc8774-9012-ed11-b83d-000d3a369e6f">
    <iscustomizable>1</iscustomizable>
  </botcomponent_workflow>
  <botcomponent_workflow botcomponentid.schemaname="new_topic_86a852ecc8d1443d878c907bb7d97c89" workflowid.workflowid="262d2cbd-c314-ed11-b83d-000d3a3791c9">
    <iscustomizable>1</iscustomizable>
  </botcomponent_workflow>
  <botcomponent_workflow botcomponentid.schemaname="new_topic_86a852ecc8d1443d878c907bb7d97c89" workflowid.workflowid="aff613d6-d414-ed11-b83d-000d3a3797dc">
    <iscustomizable>1</iscustomizable>
  </botcomponent_workflow>
  <botcomponent_workflow botcomponentid.schemaname="new_topic_86a852ecc8d1443d878c907bb7d97c89" workflowid.workflowid="d539cc55-9b12-ed11-b83d-000d3a369d86">
    <iscustomizable>1</iscustomizable>
  </botcomponent_workflow>
  <botcomponent_workflow botcomponentid.schemaname="new_topic_af116d70b2934e1ea2bc58b4e0557d70" workflowid.workflowid="d119b0e6-afda-ec11-a7b6-000d3a5b94bf">
    <iscustomizable>1</iscustomizable>
  </botcomponent_workflow>
</botcomponent_workflowset>