<botcomponent_botcomponentset>
  <botcomponent_botcomponent botcomponentidone.schemaname="new_topic_3bef91eb52d247f8a68b338a5d1742b1" botcomponentidtwo.schemaname="new_variable_b66e9e92cd304e24a8b8e879495a3c1a_90e38cb8df0e45d08f90830072121e34">
    <iscustomizable>1</iscustomizable>
  </botcomponent_botcomponent>
  <botcomponent_botcomponent botcomponentidone.schemaname="new_topic_422a66ba274a4cc0ad27ab40515eac16" botcomponentidtwo.schemaname="new_variable_7f3553d3f4444f1999d3cc6021f0928b_0414b776a4334e67a7bb569d46eaac67">
    <iscustomizable>1</iscustomizable>
  </botcomponent_botcomponent>
  <botcomponent_botcomponent botcomponentidone.schemaname="new_topic_422a66ba274a4cc0ad27ab40515eac16" botcomponentidtwo.schemaname="new_variable_7f3553d3f4444f1999d3cc6021f0928b_3fff6de044d14e8a9ea6abe1d3403469">
    <iscustomizable>1</iscustomizable>
  </botcomponent_botcomponent>
  <botcomponent_botcomponent botcomponentidone.schemaname="new_topic_422a66ba274a4cc0ad27ab40515eac16" botcomponentidtwo.schemaname="new_variable_7f3553d3f4444f1999d3cc6021f0928b_f9a653448e444555a721afd95869cee9">
    <iscustomizable>1</iscustomizable>
  </botcomponent_botcomponent>
  <botcomponent_botcomponent botcomponentidone.schemaname="new_topic_44422677db8f4e4da96682e74c7149c8" botcomponentidtwo.schemaname="new_variable_7f3553d3f4444f1999d3cc6021f0928b_cab73742130a454c8b1d04153a1af5b9">
    <iscustomizable>1</iscustomizable>
  </botcomponent_botcomponent>
  <botcomponent_botcomponent botcomponentidone.schemaname="new_topic_44422677db8f4e4da96682e74c7149c8" botcomponentidtwo.schemaname="new_variable_7f3553d3f4444f1999d3cc6021f0928b_e1224dae30e44332bce37e20f3226572">
    <iscustomizable>1</iscustomizable>
  </botcomponent_botcomponent>
  <botcomponent_botcomponent botcomponentidone.schemaname="new_topic_44422677db8f4e4da96682e74c7149c8" botcomponentidtwo.schemaname="new_variable_7f3553d3f4444f1999d3cc6021f0928b_f9a653448e444555a721afd95869cee9">
    <iscustomizable>1</iscustomizable>
  </botcomponent_botcomponent>
  <botcomponent_botcomponent botcomponentidone.schemaname="new_topic_72a3f89d94594dc8a95ce8f82b90f650" botcomponentidtwo.schemaname="new_topic_7f3553d3f4444f1999d3cc6021f0928b_aeabea4d071f415c8c107e1cb7af5424_assumedsuccess">
    <iscustomizable>1</iscustomizable>
  </botcomponent_botcomponent>
  <botcomponent_botcomponent botcomponentidone.schemaname="new_topic_72a3f89d94594dc8a95ce8f82b90f650" botcomponentidtwo.schemaname="new_topic_86a852ecc8d1443d878c907bb7d97c89">
    <iscustomizable>1</iscustomizable>
  </botcomponent_botcomponent>
  <botcomponent_botcomponent botcomponentidone.schemaname="new_topic_72a3f89d94594dc8a95ce8f82b90f650" botcomponentidtwo.schemaname="new_variable_7f3553d3f4444f1999d3cc6021f0928b_5c324b64842f4fcc8ba61c23ced9cfd5">
    <iscustomizable>1</iscustomizable>
  </botcomponent_botcomponent>
  <botcomponent_botcomponent botcomponentidone.schemaname="new_topic_72a3f89d94594dc8a95ce8f82b90f650" botcomponentidtwo.schemaname="new_variable_7f3553d3f4444f1999d3cc6021f0928b_f9a653448e444555a721afd95869cee9">
    <iscustomizable>1</iscustomizable>
  </botcomponent_botcomponent>
  <botcomponent_botcomponent botcomponentidone.schemaname="new_topic_72a3f89d94594dc8a95ce8f82b90f650" botcomponentidtwo.schemaname="new_variable_7f3553d3f4444f1999d3cc6021f0928b_fad52646052b421da706409f6ba1d52e">
    <iscustomizable>1</iscustomizable>
  </botcomponent_botcomponent>
  <botcomponent_botcomponent botcomponentidone.schemaname="new_topic_7f3553d3f4444f1999d3cc6021f0928b_21a34f1673a24096a99ba0effb63cc1d" botcomponentidtwo.schemaname="new_topic_7f3553d3f4444f1999d3cc6021f0928b_aeabea4d071f415c8c107e1cb7af5424_assumedsuccess">
    <iscustomizable>1</iscustomizable>
  </botcomponent_botcomponent>
  <botcomponent_botcomponent botcomponentidone.schemaname="new_topic_7f3553d3f4444f1999d3cc6021f0928b_33d5123770ba4daeafae51b361ddc80a" botcomponentidtwo.schemaname="new_topic_7f3553d3f4444f1999d3cc6021f0928b_aeabea4d071f415c8c107e1cb7af5424_assumedsuccess">
    <iscustomizable>1</iscustomizable>
  </botcomponent_botcomponent>
  <botcomponent_botcomponent botcomponentidone.schemaname="new_topic_7f3553d3f4444f1999d3cc6021f0928b_7620a288bb3e455984cace1ade5e259c_fallback" botcomponentidtwo.schemaname="new_topic_422a66ba274a4cc0ad27ab40515eac16">
    <iscustomizable>1</iscustomizable>
  </botcomponent_botcomponent>
  <botcomponent_botcomponent botcomponentidone.schemaname="new_topic_7f3553d3f4444f1999d3cc6021f0928b_7620a288bb3e455984cace1ade5e259c_fallback" botcomponentidtwo.schemaname="new_topic_72a3f89d94594dc8a95ce8f82b90f650">
    <iscustomizable>1</iscustomizable>
  </botcomponent_botcomponent>
  <botcomponent_botcomponent botcomponentidone.schemaname="new_topic_7f3553d3f4444f1999d3cc6021f0928b_7620a288bb3e455984cace1ade5e259c_fallback" botcomponentidtwo.schemaname="new_topic_7f3553d3f4444f1999d3cc6021f0928b_954135cafcd647eaae5999ad91fc08cf_talktoagent">
    <iscustomizable>1</iscustomizable>
  </botcomponent_botcomponent>
  <botcomponent_botcomponent botcomponentidone.schemaname="new_topic_7f3553d3f4444f1999d3cc6021f0928b_7620a288bb3e455984cace1ade5e259c_fallback" botcomponentidtwo.schemaname="new_variable_7f3553d3f4444f1999d3cc6021f0928b_029db2d5c0eb4c78a73c16fa68ff2776">
    <iscustomizable>1</iscustomizable>
  </botcomponent_botcomponent>
  <botcomponent_botcomponent botcomponentidone.schemaname="new_topic_7f3553d3f4444f1999d3cc6021f0928b_7620a288bb3e455984cace1ade5e259c_fallback" botcomponentidtwo.schemaname="new_variable_7f3553d3f4444f1999d3cc6021f0928b_0414b776a4334e67a7bb569d46eaac67">
    <iscustomizable>1</iscustomizable>
  </botcomponent_botcomponent>
  <botcomponent_botcomponent botcomponentidone.schemaname="new_topic_7f3553d3f4444f1999d3cc6021f0928b_7620a288bb3e455984cace1ade5e259c_fallback" botcomponentidtwo.schemaname="new_variable_7f3553d3f4444f1999d3cc6021f0928b_3fff6de044d14e8a9ea6abe1d3403469">
    <iscustomizable>1</iscustomizable>
  </botcomponent_botcomponent>
  <botcomponent_botcomponent botcomponentidone.schemaname="new_topic_7f3553d3f4444f1999d3cc6021f0928b_7620a288bb3e455984cace1ade5e259c_fallback" botcomponentidtwo.schemaname="new_variable_7f3553d3f4444f1999d3cc6021f0928b_f9a653448e444555a721afd95869cee9">
    <iscustomizable>1</iscustomizable>
  </botcomponent_botcomponent>
  <botcomponent_botcomponent botcomponentidone.schemaname="new_topic_7f3553d3f4444f1999d3cc6021f0928b_85df75ce08a44a9b82cc8f3fdb25f669" botcomponentidtwo.schemaname="new_customtype_7f3553d3f4444f1999d3cc6021f0928b_f86fcadfd497444e91ed11c12b059d10">
    <iscustomizable>1</iscustomizable>
  </botcomponent_botcomponent>
  <botcomponent_botcomponent botcomponentidone.schemaname="new_topic_7f3553d3f4444f1999d3cc6021f0928b_85df75ce08a44a9b82cc8f3fdb25f669" botcomponentidtwo.schemaname="new_topic_7f3553d3f4444f1999d3cc6021f0928b_aeabea4d071f415c8c107e1cb7af5424_assumedsuccess">
    <iscustomizable>1</iscustomizable>
  </botcomponent_botcomponent>
  <botcomponent_botcomponent botcomponentidone.schemaname="new_topic_7f3553d3f4444f1999d3cc6021f0928b_8a4964498f83424bb3a86295bf7d0952_startover" botcomponentidtwo.schemaname="new_topic_7f3553d3f4444f1999d3cc6021f0928b_ba7b967c97ba4c39bca58a8bb6a72d59_conversationstart">
    <iscustomizable>1</iscustomizable>
  </botcomponent_botcomponent>
  <botcomponent_botcomponent botcomponentidone.schemaname="new_topic_7f3553d3f4444f1999d3cc6021f0928b_aeabea4d071f415c8c107e1cb7af5424_assumedsuccess" botcomponentidtwo.schemaname="new_topic_7f3553d3f4444f1999d3cc6021f0928b_d2198a5ee41a48a5bf70ab8970145a9f_confirmedfailure">
    <iscustomizable>1</iscustomizable>
  </botcomponent_botcomponent>
  <botcomponent_botcomponent botcomponentidone.schemaname="new_topic_7f3553d3f4444f1999d3cc6021f0928b_aeabea4d071f415c8c107e1cb7af5424_assumedsuccess" botcomponentidtwo.schemaname="new_topic_7f3553d3f4444f1999d3cc6021f0928b_db1f76b081dc43389df9dd2df7518737_confirmedsuccess">
    <iscustomizable>1</iscustomizable>
  </botcomponent_botcomponent>
  <botcomponent_botcomponent botcomponentidone.schemaname="new_topic_7f3553d3f4444f1999d3cc6021f0928b_d2198a5ee41a48a5bf70ab8970145a9f_confirmedfailure" botcomponentidtwo.schemaname="new_topic_7f3553d3f4444f1999d3cc6021f0928b_954135cafcd647eaae5999ad91fc08cf_talktoagent">
    <iscustomizable>1</iscustomizable>
  </botcomponent_botcomponent>
  <botcomponent_botcomponent botcomponentidone.schemaname="new_topic_7f3553d3f4444f1999d3cc6021f0928b_db1f76b081dc43389df9dd2df7518737_confirmedsuccess" botcomponentidtwo.schemaname="new_customtype_7f3553d3f4444f1999d3cc6021f0928b_92610204747047ac8f788f7eecd91118">
    <iscustomizable>1</iscustomizable>
  </botcomponent_botcomponent>
  <botcomponent_botcomponent botcomponentidone.schemaname="new_topic_7f3553d3f4444f1999d3cc6021f0928b_db1f76b081dc43389df9dd2df7518737_confirmedsuccess" botcomponentidtwo.schemaname="new_topic_7f3553d3f4444f1999d3cc6021f0928b_f56d1a3e522740c78f9fac0939332dbd_goodbye">
    <iscustomizable>1</iscustomizable>
  </botcomponent_botcomponent>
  <botcomponent_botcomponent botcomponentidone.schemaname="new_topic_7f3553d3f4444f1999d3cc6021f0928b_dbafebd526364487911b63a2a774389f" botcomponentidtwo.schemaname="new_topic_7f3553d3f4444f1999d3cc6021f0928b_aeabea4d071f415c8c107e1cb7af5424_assumedsuccess">
    <iscustomizable>1</iscustomizable>
  </botcomponent_botcomponent>
  <botcomponent_botcomponent botcomponentidone.schemaname="new_topic_86a852ecc8d1443d878c907bb7d97c89" botcomponentidtwo.schemaname="new_topic_7f3553d3f4444f1999d3cc6021f0928b_aeabea4d071f415c8c107e1cb7af5424_assumedsuccess">
    <iscustomizable>1</iscustomizable>
  </botcomponent_botcomponent>
  <botcomponent_botcomponent botcomponentidone.schemaname="new_topic_86a852ecc8d1443d878c907bb7d97c89" botcomponentidtwo.schemaname="new_variable_7f3553d3f4444f1999d3cc6021f0928b_5c324b64842f4fcc8ba61c23ced9cfd5">
    <iscustomizable>1</iscustomizable>
  </botcomponent_botcomponent>
  <botcomponent_botcomponent botcomponentidone.schemaname="new_topic_86a852ecc8d1443d878c907bb7d97c89" botcomponentidtwo.schemaname="new_variable_7f3553d3f4444f1999d3cc6021f0928b_f9a653448e444555a721afd95869cee9">
    <iscustomizable>1</iscustomizable>
  </botcomponent_botcomponent>
  <botcomponent_botcomponent botcomponentidone.schemaname="new_topic_86a852ecc8d1443d878c907bb7d97c89" botcomponentidtwo.schemaname="new_variable_7f3553d3f4444f1999d3cc6021f0928b_fad52646052b421da706409f6ba1d52e">
    <iscustomizable>1</iscustomizable>
  </botcomponent_botcomponent>
  <botcomponent_botcomponent botcomponentidone.schemaname="new_topic_89d8a2300c1c4a7cb13eb50239ef39b6" botcomponentidtwo.schemaname="new_variable_b66e9e92cd304e24a8b8e879495a3c1a_90e38cb8df0e45d08f90830072121e34">
    <iscustomizable>1</iscustomizable>
  </botcomponent_botcomponent>
  <botcomponent_botcomponent botcomponentidone.schemaname="new_topic_af116d70b2934e1ea2bc58b4e0557d70" botcomponentidtwo.schemaname="new_variable_b66e9e92cd304e24a8b8e879495a3c1a_90e38cb8df0e45d08f90830072121e34">
    <iscustomizable>1</iscustomizable>
  </botcomponent_botcomponent>
  <botcomponent_botcomponent botcomponentidone.schemaname="new_topic_b66e9e92cd304e24a8b8e879495a3c1a_21a34f1673a24096a99ba0effb63cc1d" botcomponentidtwo.schemaname="new_topic_b66e9e92cd304e24a8b8e879495a3c1a_aeabea4d071f415c8c107e1cb7af5424_assumedsuccess">
    <iscustomizable>1</iscustomizable>
  </botcomponent_botcomponent>
  <botcomponent_botcomponent botcomponentidone.schemaname="new_topic_b66e9e92cd304e24a8b8e879495a3c1a_33d5123770ba4daeafae51b361ddc80a" botcomponentidtwo.schemaname="new_topic_b66e9e92cd304e24a8b8e879495a3c1a_aeabea4d071f415c8c107e1cb7af5424_assumedsuccess">
    <iscustomizable>1</iscustomizable>
  </botcomponent_botcomponent>
  <botcomponent_botcomponent botcomponentidone.schemaname="new_topic_b66e9e92cd304e24a8b8e879495a3c1a_85df75ce08a44a9b82cc8f3fdb25f669" botcomponentidtwo.schemaname="new_customtype_b66e9e92cd304e24a8b8e879495a3c1a_f86fcadfd497444e91ed11c12b059d10">
    <iscustomizable>1</iscustomizable>
  </botcomponent_botcomponent>
  <botcomponent_botcomponent botcomponentidone.schemaname="new_topic_b66e9e92cd304e24a8b8e879495a3c1a_85df75ce08a44a9b82cc8f3fdb25f669" botcomponentidtwo.schemaname="new_topic_b66e9e92cd304e24a8b8e879495a3c1a_aeabea4d071f415c8c107e1cb7af5424_assumedsuccess">
    <iscustomizable>1</iscustomizable>
  </botcomponent_botcomponent>
  <botcomponent_botcomponent botcomponentidone.schemaname="new_topic_b66e9e92cd304e24a8b8e879495a3c1a_8a4964498f83424bb3a86295bf7d0952_startover" botcomponentidtwo.schemaname="new_topic_b66e9e92cd304e24a8b8e879495a3c1a_ba7b967c97ba4c39bca58a8bb6a72d59_conversationstart">
    <iscustomizable>1</iscustomizable>
  </botcomponent_botcomponent>
  <botcomponent_botcomponent botcomponentidone.schemaname="new_topic_b66e9e92cd304e24a8b8e879495a3c1a_aeabea4d071f415c8c107e1cb7af5424_assumedsuccess" botcomponentidtwo.schemaname="new_topic_b66e9e92cd304e24a8b8e879495a3c1a_d2198a5ee41a48a5bf70ab8970145a9f_confirmedfailure">
    <iscustomizable>1</iscustomizable>
  </botcomponent_botcomponent>
  <botcomponent_botcomponent botcomponentidone.schemaname="new_topic_b66e9e92cd304e24a8b8e879495a3c1a_aeabea4d071f415c8c107e1cb7af5424_assumedsuccess" botcomponentidtwo.schemaname="new_topic_b66e9e92cd304e24a8b8e879495a3c1a_db1f76b081dc43389df9dd2df7518737_confirmedsuccess">
    <iscustomizable>1</iscustomizable>
  </botcomponent_botcomponent>
  <botcomponent_botcomponent botcomponentidone.schemaname="new_topic_b66e9e92cd304e24a8b8e879495a3c1a_ba7b967c97ba4c39bca58a8bb6a72d59_conversationstart" botcomponentidtwo.schemaname="new_topic_af116d70b2934e1ea2bc58b4e0557d70">
    <iscustomizable>1</iscustomizable>
  </botcomponent_botcomponent>
  <botcomponent_botcomponent botcomponentidone.schemaname="new_topic_b66e9e92cd304e24a8b8e879495a3c1a_ba7b967c97ba4c39bca58a8bb6a72d59_conversationstart" botcomponentidtwo.schemaname="new_topic_c3d3f3f370864a65aa7c810e2f46a36d">
    <iscustomizable>1</iscustomizable>
  </botcomponent_botcomponent>
  <botcomponent_botcomponent botcomponentidone.schemaname="new_topic_b66e9e92cd304e24a8b8e879495a3c1a_ba7b967c97ba4c39bca58a8bb6a72d59_conversationstart" botcomponentidtwo.schemaname="new_variable_b66e9e92cd304e24a8b8e879495a3c1a_90e38cb8df0e45d08f90830072121e34">
    <iscustomizable>1</iscustomizable>
  </botcomponent_botcomponent>
  <botcomponent_botcomponent botcomponentidone.schemaname="new_topic_b66e9e92cd304e24a8b8e879495a3c1a_d2198a5ee41a48a5bf70ab8970145a9f_confirmedfailure" botcomponentidtwo.schemaname="new_topic_b66e9e92cd304e24a8b8e879495a3c1a_954135cafcd647eaae5999ad91fc08cf_talktoagent">
    <iscustomizable>1</iscustomizable>
  </botcomponent_botcomponent>
  <botcomponent_botcomponent botcomponentidone.schemaname="new_topic_b66e9e92cd304e24a8b8e879495a3c1a_db1f76b081dc43389df9dd2df7518737_confirmedsuccess" botcomponentidtwo.schemaname="new_customtype_b66e9e92cd304e24a8b8e879495a3c1a_92610204747047ac8f788f7eecd91118">
    <iscustomizable>1</iscustomizable>
  </botcomponent_botcomponent>
  <botcomponent_botcomponent botcomponentidone.schemaname="new_topic_b66e9e92cd304e24a8b8e879495a3c1a_db1f76b081dc43389df9dd2df7518737_confirmedsuccess" botcomponentidtwo.schemaname="new_topic_b66e9e92cd304e24a8b8e879495a3c1a_f56d1a3e522740c78f9fac0939332dbd_goodbye">
    <iscustomizable>1</iscustomizable>
  </botcomponent_botcomponent>
  <botcomponent_botcomponent botcomponentidone.schemaname="new_topic_b66e9e92cd304e24a8b8e879495a3c1a_dbafebd526364487911b63a2a774389f" botcomponentidtwo.schemaname="new_topic_b66e9e92cd304e24a8b8e879495a3c1a_aeabea4d071f415c8c107e1cb7af5424_assumedsuccess">
    <iscustomizable>1</iscustomizable>
  </botcomponent_botcomponent>
  <botcomponent_botcomponent botcomponentidone.schemaname="new_topic_c3d3f3f370864a65aa7c810e2f46a36d" botcomponentidtwo.schemaname="new_customtype_dd633dadbbfb4660897c543957aa815d">
    <iscustomizable>1</iscustomizable>
  </botcomponent_botcomponent>
  <botcomponent_botcomponent botcomponentidone.schemaname="new_topic_dbf2704ccd474adda7ab992147f142df" botcomponentidtwo.schemaname="new_topic_7f3553d3f4444f1999d3cc6021f0928b_8a4964498f83424bb3a86295bf7d0952_startover">
    <iscustomizable>1</iscustomizable>
  </botcomponent_botcomponent>
  <botcomponent_botcomponent botcomponentidone.schemaname="new_topic_dbf2704ccd474adda7ab992147f142df" botcomponentidtwo.schemaname="new_topic_7f3553d3f4444f1999d3cc6021f0928b_954135cafcd647eaae5999ad91fc08cf_talktoagent">
    <iscustomizable>1</iscustomizable>
  </botcomponent_botcomponent>
</botcomponent_botcomponentset>