{
  "contextVariables": [
    {
      "systemType": "String",
      "initializerType": "Expression",
      "scope": "Session",
      "greedySlotFillingEnabled": false,
      "isInput": false,
      "externalInitializationAllowed": false,
      "expression": "@parameters('db4fdd70-fb4a-478f-af3a-3517a6c219d8')['outputcategory']",
      "isGlobal": true,
      "id": "new_variable_7f3553d3f4444f1999d3cc6021f0928b_0414b776a4334e67a7bb569d46eaac67",
      "displayName": "outputCategory",
      "createdTime": "2023-02-08T18:00:50.0312804Z",
      "updatedTime": "2023-02-08T18:00:50.0312804Z",
      "createdUserId": "8c06c10e-ff23-4470-80db-9eb4200427e2",
      "updatedUserId": "8c06c10e-ff23-4470-80db-9eb4200427e2"
    }
  ]
}