<environmentvariabledefinition schemaname="va_ACS_Commercial_FromEmailAddress">
  <defaultvalue>[[ACS EMAIL FROM ADDRESS]]</defaultvalue>
  <displayname default="ACS_Commercial_FromEmailAddress">
    <label description="ACS_Commercial_FromEmailAddress" languagecode="1033" />
  </displayname>
  <introducedversion>1.0.0.0</introducedversion>
  <iscustomizable>1</iscustomizable>
  <isrequired>0</isrequired>
  <secretstore>0</secretstore>
  <type>100000000</type>
</environmentvariabledefinition>