{
  "contextVariables": [
    {
      "systemType": "String",
      "initializerType": "Expression",
      "scope": "Session",
      "greedySlotFillingEnabled": false,
      "isInput": false,
      "externalInitializationAllowed": true,
      "expression": "@parameters('a5e5232d-179c-4110-adaa-c4204eb72a26')['originaluserinputquestion']",
      "isGlobal": true,
      "id": "new_variable_6b3cda9c217547fab5f5fa9994913cd7_7da1a10f405c440e9a46a8e393048d6d",
      "displayName": "OriginalUserInputQuestion",
      "createdTime": "2023-06-01T00:14:34.4103172Z",
      "updatedTime": "2023-06-05T14:33:25.3046219Z",
      "createdUserId": "3cadd3bf-7208-419a-90cb-f1c8ed72ef8c",
      "updatedUserId": "3cadd3bf-7208-419a-90cb-f1c8ed72ef8c"
    }
  ]
}