<botcomponent_workflowset>
  <botcomponent_workflow botcomponentid.schemaname="new_topic_6b3cda9c217547fab5f5fa9994913cd7_7620a288bb3e455984cace1ade5e259c_fallback" workflowid.workflowid="3e09a4d4-e0ff-ed11-8847-001dd8098d8e">
    <iscustomizable>1</iscustomizable>
  </botcomponent_workflow>
  <botcomponent_workflow botcomponentid.schemaname="new_topic_92c6ca50ae6945e4bee98526999876cf" workflowid.workflowid="fcb6a64f-fbff-ed11-8847-001dd80987eb">
    <iscustomizable>1</iscustomizable>
  </botcomponent_workflow>
</botcomponent_workflowset>