{
  "properties": {
    "connectionReferences": {},
    "definition": {
      "$schema": "https://schema.management.azure.com/providers/Microsoft.Logic/schemas/2016-06-01/workflowdefinition.json#",
      "contentVersion": "1.0.0.0",
      "parameters": {
        "$authentication": {
          "defaultValue": {},
          "type": "SecureObject"
        },
        "DetectLanguageServiceUrl_GOV (va_DetectLanguageServiceUrl)": {
          "defaultValue": "https://api.cognitive.microsofttranslator.us/detect?api-version=3.0",
          "type": "String",
          "metadata": {
            "schemaName": "va_DetectLanguageServiceUrl"
          }
        },
        "DetectLanguageServiceKey_GOV (va_DetectLanguageServiceKey_GOV)": {
          "defaultValue": "b07d69b64b8c4ed5ac3b35a73b86c497",
          "type": "String",
          "metadata": {
            "schemaName": "va_DetectLanguageServiceKey_GOV"
          }
        }
      },
      "triggers": {
        "manual": {
          "metadata": {
            "operationMetadataId": "81d67561-e69f-4e7a-abf6-32da7ce1ea08"
          },
          "type": "Request",
          "kind": "VirtualAgent",
          "inputs": {
            "schema": {
              "type": "object",
              "properties": {
                "text": {
                  "title": "InputUserText",
                  "type": "string",
                  "x-ms-dynamically-added": true,
                  "description": "Please enter your input",
                  "x-ms-content-hint": "TEXT"
                }
              },
              "required": [
                "text"
              ]
            }
          }
        }
      },
      "actions": {
        "Return_value(s)_to_Power_Virtual_Agents": {
          "runAfter": {
            "Parse_JSON": [
              "Succeeded"
            ]
          },
          "metadata": {
            "operationMetadataId": "b5e6f83f-822f-4146-9535-9f7fa5f2d04f"
          },
          "type": "Response",
          "kind": "VirtualAgent",
          "inputs": {
            "statusCode": 200,
            "body": {
              "outputdetectedlanguage": "@{body('Parse_JSON')[0]['language']}"
            },
            "schema": {
              "type": "object",
              "properties": {
                "outputdetectedlanguage": {
                  "title": "outputDetectedLanguage",
                  "x-ms-dynamically-added": true,
                  "type": "string"
                }
              }
            }
          }
        },
        "HTTP_-_Detect_language_of_user_text": {
          "runAfter": {},
          "metadata": {
            "operationMetadataId": "a2edfc89-5526-46fc-b118-9dd482f9c597"
          },
          "type": "Http",
          "inputs": {
            "method": "POST",
            "uri": "@parameters('DetectLanguageServiceUrl_GOV (va_DetectLanguageServiceUrl)')",
            "headers": {
              "Ocp-Apim-Subscription-Key": "@parameters('DetectLanguageServiceKey_GOV (va_DetectLanguageServiceKey_GOV)')",
              "Content-Type": "application/json"
            },
            "body": [
              {
                "text": "@{triggerBody()['text']}"
              }
            ]
          }
        },
        "Parse_JSON": {
          "runAfter": {
            "HTTP_-_Detect_language_of_user_text": [
              "Succeeded"
            ]
          },
          "metadata": {
            "operationMetadataId": "e030c2cc-8234-48b1-bebb-52dab4998e83"
          },
          "type": "ParseJson",
          "inputs": {
            "content": "@body('HTTP_-_Detect_language_of_user_text')",
            "schema": {
              "type": "array",
              "items": {
                "type": "object",
                "properties": {
                  "language": {
                    "type": "string"
                  },
                  "score": {
                    "type": "integer"
                  },
                  "isTranslationSupported": {
                    "type": "boolean"
                  },
                  "isTransliterationSupported": {
                    "type": "boolean"
                  }
                },
                "required": [
                  "language",
                  "score",
                  "isTranslationSupported",
                  "isTransliterationSupported"
                ]
              }
            }
          }
        }
      },
      "outputs": {}
    },
    "templateName": null
  },
  "schemaVersion": "1.0.0.0"
}