<environmentvariabledefinition schemaname="va_ACS_Commercial_PhoneNumber">
  <defaultvalue>[[ACS PHONE NUMBER IN FORMAT +{COUNTRY CODE}NUMBER]]</defaultvalue>
  <displayname default="ACS_Commercial_PhoneNumber">
    <label description="ACS_Commercial_PhoneNumber" languagecode="1033" />
  </displayname>
  <introducedversion>1.0.0.4</introducedversion>
  <iscustomizable>1</iscustomizable>
  <isrequired>0</isrequired>
  <secretstore>0</secretstore>
  <type>100000000</type>
</environmentvariabledefinition>