{
  "properties": {
    "connectionReferences": {
      "shared_commondataserviceforapps": {
        "runtimeSource": "embedded",
        "connection": {
          "connectionReferenceLogicalName": "new_sharedcommondataserviceforapps_c8d1b"
        },
        "api": {
          "name": "shared_commondataserviceforapps"
        }
      },
      "shared_azureeventgrid": {
        "runtimeSource": "embedded",
        "connection": {
          "connectionReferenceLogicalName": "new_sharedazureeventgrid_b3f24"
        },
        "api": {
          "name": "shared_azureeventgrid"
        }
      }
    },
    "definition": {
      "$schema": "https://schema.management.azure.com/providers/Microsoft.Logic/schemas/2016-06-01/workflowdefinition.json#",
      "contentVersion": "1.0.0.0",
      "parameters": {
        "$connections": {
          "defaultValue": {},
          "type": "Object"
        },
        "$authentication": {
          "defaultValue": {},
          "type": "SecureObject"
        }
      },
      "triggers": {
        "When_a_resource_event_occurs": {
          "splitOn": "@triggerOutputs()?['body']",
          "metadata": {
            "operationMetadataId": "6ba864b1-6c1a-4364-b28c-bc65b5191b42"
          },
          "type": "OpenApiConnectionWebhook",
          "inputs": {
            "host": {
              "connectionName": "shared_azureeventgrid",
              "operationId": "CreateSubscription",
              "apiId": "/providers/Microsoft.PowerApps/apis/shared_azureeventgrid"
            },
            "parameters": {
              "subscriptionId": "6865a616-af4b-4372-95d1-2a17b93cc92f",
              "resourceType": "Microsoft.Storage.StorageAccounts",
              "body/properties/topic": "/subscriptions/6865a616-af4b-4372-95d1-2a17b93cc92f/resourceGroups/FTP/providers/Microsoft.Storage/storageAccounts/fileuploadsgreg",
              "body/properties/filter/includedEventTypes": [
                "Microsoft.Storage.BlobCreated"
              ]
            },
            "authentication": "@parameters('$authentication')"
          }
        }
      },
      "actions": {
        "splite_out_blobURL_meta_data_into_an_array": {
          "runAfter": {
            "blobURL": [
              "Succeeded"
            ]
          },
          "metadata": {
            "operationMetadataId": "62e32a2a-b95f-4fde-8125-2b473afa03cf"
          },
          "type": "InitializeVariable",
          "inputs": {
            "variables": [
              {
                "name": "Blob_meta_data",
                "type": "array",
                "value": "@split( split(body('Parse_JSON')?['data']?['blobUrl'],'blob.core.windows.net/')[1],'/')"
              }
            ]
          }
        },
        "Parse_JSON": {
          "runAfter": {},
          "metadata": {
            "operationMetadataId": "ebbf9aaa-2db7-4c54-9231-84abf33fcca0"
          },
          "type": "ParseJson",
          "inputs": {
            "content": "@triggerOutputs()?['body']",
            "schema": {
              "type": "object",
              "properties": {
                "topic": {
                  "type": "string"
                },
                "subject": {
                  "type": "string"
                },
                "eventType": {
                  "type": "string"
                },
                "id": {
                  "type": "string"
                },
                "data": {
                  "type": "object",
                  "properties": {
                    "api": {
                      "type": "string"
                    },
                    "requestId": {
                      "type": "string"
                    },
                    "eTag": {
                      "type": "string"
                    },
                    "contentLength": {
                      "type": "integer"
                    },
                    "contentOffset": {
                      "type": "integer"
                    },
                    "blobType": {
                      "type": "string"
                    },
                    "blobProperties": {
                      "type": "array",
                      "items": {
                        "type": "object",
                        "properties": {
                          "acl": {
                            "type": "array",
                            "items": {
                              "type": "object",
                              "properties": {
                                "access": {
                                  "type": "string"
                                },
                                "permission": {
                                  "type": "string"
                                },
                                "owner": {
                                  "type": "string"
                                },
                                "group": {
                                  "type": "string"
                                }
                              },
                              "required": [
                                "access",
                                "permission",
                                "owner",
                                "group"
                              ]
                            }
                          }
                        },
                        "required": [
                          "acl"
                        ]
                      }
                    },
                    "blobUrl": {
                      "type": "string"
                    },
                    "url": {
                      "type": "string"
                    },
                    "sequencer": {
                      "type": "string"
                    },
                    "identity": {
                      "type": "string"
                    },
                    "storageDiagnostics": {
                      "type": "object",
                      "properties": {
                        "batchId": {
                          "type": "string"
                        }
                      }
                    }
                  }
                },
                "dataVersion": {
                  "type": "string"
                },
                "metadataVersion": {
                  "type": "string"
                },
                "eventTime": {
                  "type": "string"
                }
              }
            }
          }
        },
        "var_dept": {
          "runAfter": {
            "splite_out_blobURL_meta_data_into_an_array": [
              "Succeeded"
            ]
          },
          "metadata": {
            "operationMetadataId": "ea905286-c7f7-41db-bf8f-6d1baba5dbc2"
          },
          "type": "InitializeVariable",
          "inputs": {
            "variables": [
              {
                "name": "var_dept",
                "type": "string",
                "value": "@{variables('Blob_meta_data')[0]}"
              }
            ]
          }
        },
        "var_company": {
          "runAfter": {
            "var_dept": [
              "Succeeded"
            ]
          },
          "metadata": {
            "operationMetadataId": "d31a077c-c3b2-45d0-94c2-1c11e364d74d"
          },
          "type": "InitializeVariable",
          "inputs": {
            "variables": [
              {
                "name": "var_company",
                "type": "string",
                "value": "@{variables('Blob_meta_data')[1]}"
              }
            ]
          }
        },
        "var_contact": {
          "runAfter": {
            "var_company": [
              "Succeeded"
            ]
          },
          "metadata": {
            "operationMetadataId": "1d42b99f-2686-4a1c-9d03-6206234fee38"
          },
          "type": "InitializeVariable",
          "inputs": {
            "variables": [
              {
                "name": "var_contact",
                "type": "string",
                "value": "@{variables('Blob_meta_data')[2]}"
              }
            ]
          }
        },
        "var_requestid": {
          "runAfter": {
            "var_contact": [
              "Succeeded"
            ]
          },
          "metadata": {
            "operationMetadataId": "3af30d50-0784-4dac-b317-c1e7352d0de3"
          },
          "type": "InitializeVariable",
          "inputs": {
            "variables": [
              {
                "name": "var_requestid",
                "type": "string",
                "value": "@{variables('Blob_meta_data')[3]}"
              }
            ]
          }
        },
        "var_filename": {
          "runAfter": {
            "var_requestid": [
              "Succeeded"
            ]
          },
          "metadata": {
            "operationMetadataId": "19026192-b2de-453e-8f0c-cd8e8b3d32ee"
          },
          "type": "InitializeVariable",
          "inputs": {
            "variables": [
              {
                "name": "var_filename",
                "type": "string",
                "value": "@{variables('Blob_meta_data')[4]}"
              }
            ]
          }
        },
        "get_the_row_in_FileUploadRequests_table_based_on_File_Request_ID": {
          "runAfter": {
            "var_filename": [
              "Succeeded"
            ]
          },
          "metadata": {
            "operationMetadataId": "88ceb538-6308-4a52-9aa5-87335f2f323d"
          },
          "type": "OpenApiConnection",
          "inputs": {
            "host": {
              "connectionName": "shared_commondataserviceforapps",
              "operationId": "GetRelevantRows",
              "apiId": "/providers/Microsoft.PowerApps/apis/shared_commondataserviceforapps"
            },
            "parameters": {
              "SearchRequest/search": "@variables('var_requestid')",
              "SearchRequest/entities": [
                "new_fileuploadrequests"
              ]
            },
            "authentication": "@parameters('$authentication')"
          }
        },
        "blobURL": {
          "runAfter": {
            "Parse_JSON": [
              "Succeeded"
            ]
          },
          "metadata": {
            "operationMetadataId": "893e49c5-f2aa-4018-8b62-267d1e4ad85d"
          },
          "type": "InitializeVariable",
          "inputs": {
            "variables": [
              {
                "name": "blobUrl",
                "type": "string",
                "value": "@body('Parse_JSON')?['data']?['blobUrl']"
              }
            ]
          }
        },
        "Parse_JSON_2": {
          "runAfter": {
            "get_the_row_in_FileUploadRequests_table_based_on_File_Request_ID": [
              "Succeeded"
            ]
          },
          "metadata": {
            "operationMetadataId": "373fbb85-87bc-4016-b3d0-99e80efbcc02"
          },
          "type": "ParseJson",
          "inputs": {
            "content": "@body('get_the_row_in_FileUploadRequests_table_based_on_File_Request_ID')",
            "schema": {
              "type": "object",
              "properties": {
                "statusCode": {
                  "type": "integer"
                },
                "headers": {
                  "type": "object",
                  "properties": {
                    "Vary": {
                      "type": "string"
                    },
                    "x-ms-service-request-id": {
                      "type": "string"
                    },
                    "Cache-Control": {
                      "type": "string"
                    },
                    "Set-Cookie": {
                      "type": "string"
                    },
                    "Strict-Transport-Security": {
                      "type": "string"
                    },
                    "REQ_ID": {
                      "type": "string"
                    },
                    "AuthActivityId": {
                      "type": "string"
                    },
                    "X-Content-Type-Options": {
                      "type": "string"
                    },
                    "X-Source": {
                      "type": "string"
                    },
                    "Public": {
                      "type": "string"
                    },
                    "Date": {
                      "type": "string"
                    },
                    "Allow": {
                      "type": "string"
                    },
                    "Content-Type": {
                      "type": "string"
                    },
                    "Expires": {
                      "type": "string"
                    },
                    "Content-Length": {
                      "type": "string"
                    }
                  }
                },
                "body": {
                  "type": "object",
                  "properties": {
                    "value": {
                      "type": "array",
                      "items": {
                        "type": "object",
                        "properties": {
                          "@@search.score": {
                            "type": "number"
                          },
                          "@@search.highlights": {
                            "type": "object",
                            "properties": {
                              "new_name": {
                                "type": "array",
                                "items": {
                                  "type": "string"
                                }
                              }
                            }
                          },
                          "@@search.entityname": {
                            "type": "string"
                          },
                          "@@search.objectid": {
                            "type": "string"
                          },
                          "@@search.objecttypecode": {
                            "type": "integer"
                          },
                          "new_name": {
                            "type": "string"
                          },
                          "createdon": {
                            "type": "string"
                          }
                        },
                        "required": [
                          "@@search.score",
                          "@@search.highlights",
                          "@@search.entityname",
                          "@@search.objectid",
                          "@@search.objecttypecode",
                          "new_name",
                          "createdon"
                        ]
                      }
                    },
                    "facets": {
                      "type": "object",
                      "properties": {}
                    },
                    "totalrecordcount": {
                      "type": "integer"
                    }
                  }
                }
              }
            }
          }
        },
        "Compose": {
          "runAfter": {
            "Parse_JSON_2": [
              "Succeeded"
            ]
          },
          "metadata": {
            "operationMetadataId": "06cdfcbb-7177-401e-968f-7be76f4259d9"
          },
          "type": "Compose",
          "inputs": "@body('Parse_JSON_2')?['value'][0]?['@search.objectid']"
        }
      }
    },
    "templateName": ""
  },
  "schemaVersion": "1.0.0.0"
}