{
  "properties": {
    "connectionReferences": {
      "shared_commondataserviceforapps": {
        "runtimeSource": "embedded",
        "connection": {},
        "api": {
          "name": "shared_commondataserviceforapps"
        }
      },
      "shared_approvals": {
        "runtimeSource": "embedded",
        "connection": {},
        "api": {
          "name": "shared_approvals"
        }
      },
      "shared_msgraphgroupsanduser": {
        "runtimeSource": "embedded",
        "connection": {},
        "api": {
          "name": "shared_msgraphgroupsanduser"
        }
      },
      "shared_office365groups": {
        "runtimeSource": "embedded",
        "connection": {},
        "api": {
          "name": "shared_office365groups"
        }
      },
      "shared_office365": {
        "runtimeSource": "embedded",
        "connection": {},
        "api": {
          "name": "shared_office365"
        }
      }
    },
    "definition": {
      "$schema": "https://schema.management.azure.com/providers/Microsoft.Logic/schemas/2016-06-01/workflowdefinition.json#",
      "contentVersion": "1.0.0.0",
      "parameters": {
        "$connections": {
          "defaultValue": {},
          "type": "Object"
        },
        "$authentication": {
          "defaultValue": {},
          "type": "SecureObject"
        }
      },
      "triggers": {
        "When_a_row_is_added_to_File_Upload_Requests_Table": {
          "metadata": {
            "operationMetadataId": "9351167a-b139-41fe-8e74-a5465527e8f3"
          },
          "type": "OpenApiConnectionWebhook",
          "inputs": {
            "host": {
              "connectionName": "shared_commondataserviceforapps",
              "operationId": "SubscribeWebhookTrigger",
              "apiId": "/providers/Microsoft.PowerApps/apis/shared_commondataserviceforapps"
            },
            "parameters": {
              "subscriptionRequest/message": 1,
              "subscriptionRequest/entityname": "new_fileuploadrequests",
              "subscriptionRequest/scope": 4
            },
            "authentication": "@parameters('$authentication')"
          }
        }
      },
      "actions": {
        "Initialize_variable_-_Contact_Guid": {
          "runAfter": {},
          "metadata": {
            "operationMetadataId": "d26e50e0-07a6-43b4-98e7-a7603abc7f9b"
          },
          "type": "InitializeVariable",
          "inputs": {
            "variables": [
              {
                "name": "Contact guid",
                "type": "string",
                "value": "@triggerOutputs()?['body/_new_contact_value']"
              }
            ]
          }
        },
        "Initialize_variable_-_Agency_Dept_(Business_Unit)__Guid": {
          "runAfter": {
            "Initialize_variable_-_Contact_Guid": [
              "Succeeded"
            ]
          },
          "metadata": {
            "operationMetadataId": "b18a09c8-a82d-4882-a2b5-0ff56b7f9738"
          },
          "type": "InitializeVariable",
          "inputs": {
            "variables": [
              {
                "name": "Dept Guid",
                "type": "string",
                "value": "@triggerOutputs()?['body/_new_businessunitagencydept_value']"
              }
            ]
          }
        },
        "get__File_Upload_Request_ID_used_for_directory_structure": {
          "runAfter": {
            "Initialize_variable_-_Agency_Dept_(Business_Unit)__Guid": [
              "Succeeded"
            ]
          },
          "metadata": {
            "operationMetadataId": "72ecc5de-ecbe-43ef-9ec9-1a6bb229d170"
          },
          "type": "InitializeVariable",
          "inputs": {
            "variables": [
              {
                "name": "Upload Request ID",
                "type": "string",
                "value": "@triggerOutputs()?['body/new_name']"
              }
            ]
          }
        },
        "Get_a_row_by_ID_-_Contacts": {
          "runAfter": {
            "get__File_Upload_Request_ID_used_for_directory_structure": [
              "Succeeded"
            ]
          },
          "metadata": {
            "operationMetadataId": "e4afe428-b591-4e83-8aff-3dc0e9ad7545"
          },
          "type": "OpenApiConnection",
          "inputs": {
            "host": {
              "connectionName": "shared_commondataserviceforapps",
              "operationId": "GetItem",
              "apiId": "/providers/Microsoft.PowerApps/apis/shared_commondataserviceforapps"
            },
            "parameters": {
              "entityName": "contacts",
              "recordId": "@variables('Contact guid')"
            },
            "authentication": "@parameters('$authentication')"
          }
        },
        "Get_a_row_by_ID_-_Business_Unit_(Agency_Dept)": {
          "runAfter": {
            "Get_a_row_by_ID_-_Contacts": [
              "Succeeded"
            ]
          },
          "metadata": {
            "operationMetadataId": "c456be47-25f6-42cf-8171-0351ecc99bd3"
          },
          "type": "OpenApiConnection",
          "inputs": {
            "host": {
              "connectionName": "shared_commondataserviceforapps",
              "operationId": "GetItem",
              "apiId": "/providers/Microsoft.PowerApps/apis/shared_commondataserviceforapps"
            },
            "parameters": {
              "entityName": "businessunits",
              "recordId": "@variables('Dept Guid')"
            },
            "authentication": "@parameters('$authentication')"
          }
        },
        "get_Contact_email": {
          "runAfter": {
            "Get_a_row_by_ID_-_Business_Unit_(Agency_Dept)": [
              "Succeeded"
            ]
          },
          "metadata": {
            "operationMetadataId": "f5476eb3-e557-4ba9-bf2d-463bd1a96e78"
          },
          "type": "InitializeVariable",
          "inputs": {
            "variables": [
              {
                "name": "Contact email",
                "type": "string",
                "value": "@outputs('Get_a_row_by_ID_-_Contacts')?['body/emailaddress1']"
              }
            ]
          }
        },
        "set_Dept_Name(Business_Unit)_to_compressed_lowercase": {
          "runAfter": {
            "get_Contact_email": [
              "Succeeded"
            ]
          },
          "metadata": {
            "operationMetadataId": "be7b103f-5841-403d-bcb4-0821ee1f4034"
          },
          "type": "InitializeVariable",
          "inputs": {
            "variables": [
              {
                "name": "Dept Name",
                "type": "string",
                "value": "@{replace(toLower(outputs('Get_a_row_by_ID_-_Business_Unit_(Agency_Dept)')?['body/name']),' ','')}"
              }
            ]
          }
        },
        "get_Dept_M365_Group_email": {
          "runAfter": {
            "get_Dept_Display_Name": [
              "Succeeded"
            ]
          },
          "metadata": {
            "operationMetadataId": "a60c79f0-342a-41bf-98dc-fa062a965a3e"
          },
          "type": "InitializeVariable",
          "inputs": {
            "variables": [
              {
                "name": "DeptEmail",
                "type": "string",
                "value": "@outputs('Get_a_row_by_ID_-_Business_Unit_(Agency_Dept)')?['body/emailaddress']"
              }
            ]
          }
        },
        "Create_an_approval__for_file_Upload": {
          "runAfter": {
            "Send_an_email_(V2)_2": [
              "Succeeded"
            ]
          },
          "metadata": {
            "operationMetadataId": "3f519bd1-9d1a-41fd-a6ca-c4703cda87f1"
          },
          "type": "OpenApiConnection",
          "inputs": {
            "host": {
              "connectionName": "shared_approvals",
              "operationId": "CreateAnApproval",
              "apiId": "/providers/Microsoft.PowerApps/apis/shared_approvals"
            },
            "parameters": {
              "approvalType": "Basic",
              "ApprovalCreationInput/title": "test approval for @{variables('Contact email')}",
              "ApprovalCreationInput/assignedTo": "@{variables('Approval List')};;",
              "ApprovalCreationInput/details": "@{variables('Dept Name')}   \n@{variables('Contact email')} \n@{variables('Upload Request ID')}\n\n @{triggerOutputs()?['body/new_filedescription']}",
              "ApprovalCreationInput/enableNotifications": true,
              "ApprovalCreationInput/enableReassignment": true
            },
            "authentication": "@parameters('$authentication')"
          }
        },
        "Initialize_variable_that_will_hold_a_string_of_the_emails_of_the_approver_team": {
          "runAfter": {
            "List_Groups_By_Display_Name_Search": [
              "Succeeded"
            ]
          },
          "metadata": {
            "operationMetadataId": "58eabad7-384e-44b9-b418-dca1e069e04c"
          },
          "type": "InitializeVariable",
          "inputs": {
            "variables": [
              {
                "name": "Approval List",
                "type": "string"
              }
            ]
          }
        },
        "List_Groups_By_Display_Name_Search": {
          "runAfter": {
            "get_contact_first_last_compressed_and_lowercase_for_directory_name": [
              "Succeeded"
            ]
          },
          "metadata": {
            "operationMetadataId": "8bfd6d86-e3ae-4f3e-add2-f73db05bc104"
          },
          "type": "OpenApiConnection",
          "inputs": {
            "host": {
              "connectionName": "shared_msgraphgroupsanduser",
              "operationId": "ListGroupsByDisplayNameSearch",
              "apiId": "/providers/Microsoft.PowerApps/apis/shared_msgraphgroupsanduser"
            },
            "parameters": {
              "$search": "\"displayName:@{variables('Dept Display Name')}\""
            },
            "authentication": "@parameters('$authentication')"
          }
        },
        "Apply_to_each": {
          "foreach": "@outputs('List_Groups_By_Display_Name_Search')?['body/value']",
          "actions": {
            "List_group_members": {
              "runAfter": {},
              "metadata": {
                "operationMetadataId": "5ec030e6-107c-4a6a-853b-ac06f312e1a7"
              },
              "type": "OpenApiConnection",
              "inputs": {
                "host": {
                  "connectionName": "shared_office365groups",
                  "operationId": "ListGroupMembers",
                  "apiId": "/providers/Microsoft.PowerApps/apis/shared_office365groups"
                },
                "parameters": {
                  "groupId": "@items('Apply_to_each')?['id']"
                },
                "authentication": "@parameters('$authentication')"
              }
            },
            "Apply_to_each_2": {
              "foreach": "@outputs('List_group_members')?['body/value']",
              "actions": {
                "Append_to_string_variable": {
                  "runAfter": {},
                  "metadata": {
                    "operationMetadataId": "6f989f36-660f-4c78-b93b-fdcf3b556d07"
                  },
                  "type": "AppendToStringVariable",
                  "inputs": {
                    "name": "Approval List",
                    "value": "@{items('Apply_to_each_2')?['mail']};"
                  }
                }
              },
              "runAfter": {
                "List_group_members": [
                  "Succeeded"
                ]
              },
              "metadata": {
                "operationMetadataId": "77c69bcd-f9f8-4de9-a4b2-f56e30725135"
              },
              "type": "Foreach"
            }
          },
          "runAfter": {
            "Initialize_variable_that_will_hold_a_string_of_the_emails_of_the_approver_team": [
              "Succeeded"
            ]
          },
          "metadata": {
            "operationMetadataId": "6119fc43-6c1b-4d74-8b9e-31af2d5195dd"
          },
          "type": "Foreach"
        },
        "get_Dept_M365_Name_(the_part_before_the_@_sign_)": {
          "runAfter": {
            "get_Dept_M365_Group_email": [
              "Succeeded"
            ]
          },
          "metadata": {
            "operationMetadataId": "21373731-ac84-4bb0-b011-469bc8145df0"
          },
          "type": "InitializeVariable",
          "inputs": {
            "variables": [
              {
                "name": "Dept M365 Group",
                "type": "string",
                "value": "@{toLower(substring(variables('DeptEmail'), 0, indexOf(variables('DeptEmail'), '@')))}"
              }
            ]
          }
        },
        "Wait_for_approval_for_File_Upload": {
          "runAfter": {
            "Create_an_approval__for_file_Upload": [
              "Succeeded"
            ]
          },
          "metadata": {
            "operationMetadataId": "9805e0d4-1c2c-4455-b6c3-66e6e4b2344c"
          },
          "type": "OpenApiConnectionWebhook",
          "inputs": {
            "host": {
              "connectionName": "shared_approvals",
              "operationId": "WaitForAnApproval",
              "apiId": "/providers/Microsoft.PowerApps/apis/shared_approvals"
            },
            "parameters": {
              "approvalName": "@outputs('Create_an_approval__for_file_Upload')?['body/name']"
            },
            "authentication": "@parameters('$authentication')"
          }
        },
        "Condition_for_Approval_Flow": {
          "actions": {
            "Switch": {
              "runAfter": {},
              "cases": {
                "Case_1_SFTP_Option__File": {
                  "case": 1,
                  "actions": {
                    "send_HTTP_for_SFTP_credentials": {
                      "runAfter": {},
                      "type": "Http",
                      "inputs": {
                        "method": "POST",
                        "uri": "https://powerportalfilemanagement.azurewebsites.net/api/UserManagement",
                        "headers": {
                          "Content-Type": "applicaion/json"
                        },
                        "queries": {
                          "dept": "@variables('Dept Name')",
                          "companyname": "@variables('CompanyName')",
                          "contactname": "@variables('username')",
                          "uploadoption": "FTP",
                          "requestid": "@variables('Upload Request ID')"
                        }
                      }
                    },
                    "Send_an_email_(V2)_3": {
                      "runAfter": {
                        "send_HTTP_for_SFTP_credentials": [
                          "Succeeded"
                        ]
                      },
                      "type": "OpenApiConnection",
                      "inputs": {
                        "host": {
                          "connectionName": "shared_office365",
                          "operationId": "SendEmailV2",
                          "apiId": "/providers/Microsoft.PowerApps/apis/shared_office365"
                        },
                        "parameters": {
                          "emailMessage/To": "@variables('Contact email')",
                          "emailMessage/Subject": "Your File Upload Credentials",
                          "emailMessage/Body": "<p>Dear @{outputs('Get_a_row_by_ID_-_Contacts')?['body/fullname']}:<br>\n<br>\nHere are your credential for uploading your file(s) by way of SFTP<br>\n<br>\n@{body('send_HTTP_for_SFTP_credentials')}</p>",
                          "emailMessage/From": "portaladministrator@M365x536742.onmicrosoft.com",
                          "emailMessage/Importance": "Normal"
                        },
                        "authentication": "@parameters('$authentication')"
                      }
                    }
                  }
                },
                "Case_2_Web_Option_File_<_1Gbyte": {
                  "case": 2,
                  "actions": {
                    "Send_HTTP_request_for_SAS_Token": {
                      "runAfter": {},
                      "type": "Http",
                      "inputs": {
                        "method": "POST",
                        "uri": "https://powerportalfilemanagement.azurewebsites.net/api/UserManagement",
                        "headers": {
                          "Content-Type": "application/json"
                        },
                        "queries": {
                          "dept": "@variables('Dept Name')",
                          "companyname": "@variables('CompanyName')",
                          "contactname": "@variables('username')",
                          "uploadoption": "WEBSMALL",
                          "requestid": "@variables('Upload Request ID')"
                        }
                      }
                    },
                    "Send_an_email_(V2)_4": {
                      "runAfter": {
                        "Send_HTTP_request_for_SAS_Token": [
                          "Succeeded"
                        ]
                      },
                      "type": "OpenApiConnection",
                      "inputs": {
                        "host": {
                          "connectionName": "shared_office365",
                          "operationId": "SendEmailV2",
                          "apiId": "/providers/Microsoft.PowerApps/apis/shared_office365"
                        },
                        "parameters": {
                          "emailMessage/To": "@variables('Contact email')",
                          "emailMessage/Subject": "Your FIle Upload Credentials",
                          "emailMessage/Body": "<p>Dear @{outputs('Get_a_row_by_ID_-_Contacts')?['body/fullname']}<br>\n<br>\nHere are your credentials for uploading files by way of a secure SAS Token<br>\n<br>\n@{body('Send_HTTP_request_for_SAS_Token')}</p>",
                          "emailMessage/From": "portaladministrator@M365x536742.onmicrosoft.com",
                          "emailMessage/Importance": "Normal"
                        },
                        "authentication": "@parameters('$authentication')"
                      }
                    }
                  }
                },
                "Case_3_Azure_Data_Explorer_Option": {
                  "case": 3,
                  "actions": {
                    "Send_HTTP_request_for_SAS_Token_for_Data_Explorer": {
                      "runAfter": {},
                      "type": "Http",
                      "inputs": {
                        "method": "POST",
                        "uri": "https://powerportalfilemanagement.azurewebsites.net/api/UserManagement",
                        "headers": {
                          "Content-Type": "applicaion/json"
                        },
                        "queries": {
                          "dept": "@variables('Dept Name')",
                          "companyname": "@variables('CompanyName')",
                          "contactname": "@variables('username')",
                          "uploadoption": "WEBLARGE",
                          "requestid": "@variables('Upload Request ID')"
                        }
                      }
                    },
                    "Send_an_email_(V2)_5": {
                      "runAfter": {
                        "Send_HTTP_request_for_SAS_Token_for_Data_Explorer": [
                          "Succeeded"
                        ]
                      },
                      "type": "OpenApiConnection",
                      "inputs": {
                        "host": {
                          "connectionName": "shared_office365",
                          "operationId": "SendEmailV2",
                          "apiId": "/providers/Microsoft.PowerApps/apis/shared_office365"
                        },
                        "parameters": {
                          "emailMessage/To": "@variables('Contact email')",
                          "emailMessage/Subject": "Your File Upload Credentials",
                          "emailMessage/Body": "<p>Dear @{outputs('Get_a_row_by_ID_-_Contacts')?['body/fullname']}<br>\n<br>\nHere are your credentials for uploading files by way of a secure SAS Token &nbsp;by way of the secure Azure Data Explorer<br>\n<br>\n<br>\n1. if you dont alreay have the Azure Storeage Explorer you can download it <a href=\"https://azure.microsoft.com/en-us/products/storage/storage-explorer/\">here</a> . Choose the \"Operating system\" dropdown<br>\n<br>\n2. In Azure Storage Explorer select \"Quick Access/Get Started/Attach to a resource\"<br>\n<br>\n3. Select Resource &nbsp;choose \"ADLS Gen2 container or directory\"<br>\n<br>\n4.Selece \"Shared access signature URL (SAS)<br>\n<br>\n5. Cut/Paste the below SAS into the \"Blob container or directory SAS URL\" box<br>\n<br>\n6. Connect button<br>\n<br>\n7. Select \"Upload\" to upload your files or folderss<br>\n<br>\n<br>\n@{body('Send_HTTP_request_for_SAS_Token_for_Data_Explorer')}</p>",
                          "emailMessage/From": "portaladministrator@M365x536742.onmicrosoft.com",
                          "emailMessage/Importance": "Normal"
                        },
                        "authentication": "@parameters('$authentication')"
                      }
                    }
                  }
                }
              },
              "default": {
                "actions": {}
              },
              "expression": "@triggerOutputs()?['body/new_filesizeuploadoption']",
              "metadata": {
                "operationMetadataId": "3cb358c6-ab03-4f34-96c8-6efe8693b405"
              },
              "type": "Switch"
            }
          },
          "runAfter": {
            "Update_a_File_Upload_Request_row_with_approval": [
              "Succeeded"
            ]
          },
          "else": {
            "actions": {
              "Apply_to_each_3": {
                "foreach": "@outputs('Wait_for_approval_for_File_Upload')?['body/responses']",
                "actions": {
                  "Send_an_email_(V2)": {
                    "runAfter": {},
                    "metadata": {
                      "operationMetadataId": "2f9b9491-c19b-418f-a748-87af04102e86"
                    },
                    "type": "OpenApiConnection",
                    "inputs": {
                      "host": {
                        "connectionName": "shared_office365",
                        "operationId": "SendEmailV2",
                        "apiId": "/providers/Microsoft.PowerApps/apis/shared_office365"
                      },
                      "parameters": {
                        "emailMessage/To": "@variables('Contact email')",
                        "emailMessage/Subject": "Your file upload request @{variables('Upload Request ID')} has been denied",
                        "emailMessage/Body": "<p>Your File Request has been denied. <br>\nReason: @{items('Apply_to_each_3')?['comments']}<br>\nplease contact the your agency contact</p>",
                        "emailMessage/Importance": "Normal"
                      },
                      "authentication": "@parameters('$authentication')"
                    }
                  }
                },
                "runAfter": {},
                "metadata": {
                  "operationMetadataId": "656e99a9-7ca4-49d3-975f-02c1a5c9f796"
                },
                "type": "Foreach"
              }
            }
          },
          "expression": {
            "equals": [
              "@outputs('Wait_for_approval_for_File_Upload')?['body/outcome']",
              "Approve"
            ]
          },
          "metadata": {
            "operationMetadataId": "df15f93d-87b1-473c-8c3f-938531cd4cc6"
          },
          "type": "If"
        },
        "Get_a_row_by_ID_-Accounts": {
          "runAfter": {
            "get_Dept_M365_Name_(the_part_before_the_@_sign_)": [
              "Succeeded"
            ]
          },
          "metadata": {
            "operationMetadataId": "a1e7a9fd-8406-46ef-b32e-497e169f24f3"
          },
          "type": "OpenApiConnection",
          "inputs": {
            "host": {
              "connectionName": "shared_commondataserviceforapps",
              "operationId": "GetItem",
              "apiId": "/providers/Microsoft.PowerApps/apis/shared_commondataserviceforapps"
            },
            "parameters": {
              "entityName": "accounts",
              "recordId": "@outputs('Get_a_row_by_ID_-_Contacts')?['body/_parentcustomerid_value']"
            },
            "authentication": "@parameters('$authentication')"
          }
        },
        "get_Company_Name_compressed_and_lowercase": {
          "runAfter": {
            "Get_a_row_by_ID_-Accounts": [
              "Succeeded"
            ]
          },
          "metadata": {
            "operationMetadataId": "a537943a-9ef6-4c73-9564-ea81b663ef0d"
          },
          "type": "InitializeVariable",
          "inputs": {
            "variables": [
              {
                "name": "CompanyName",
                "type": "string",
                "value": "@{replace(toLower(outputs('Get_a_row_by_ID_-Accounts')?['body/name']),' ','')}"
              }
            ]
          }
        },
        "get_contact_first_last_compressed_and_lowercase_for_directory_name": {
          "runAfter": {
            "get_Company_Name_compressed_and_lowercase": [
              "Succeeded"
            ]
          },
          "metadata": {
            "operationMetadataId": "a282c424-a37f-4235-a04c-a5a217115cb3"
          },
          "type": "InitializeVariable",
          "inputs": {
            "variables": [
              {
                "name": "username",
                "type": "string",
                "value": "@{concat(tolower(outputs('Get_a_row_by_ID_-_Contacts')?['body/firstname']), tolower(outputs('Get_a_row_by_ID_-_Contacts')?['body/lastname']))}"
              }
            ]
          }
        },
        "get_Dept_Display_Name": {
          "runAfter": {
            "set_Dept_Name(Business_Unit)_to_compressed_lowercase": [
              "Succeeded"
            ]
          },
          "metadata": {
            "operationMetadataId": "c68626e1-8111-4931-919b-aa55072a196a"
          },
          "type": "InitializeVariable",
          "inputs": {
            "variables": [
              {
                "name": "Dept Display Name",
                "type": "string",
                "value": "@outputs('Get_a_row_by_ID_-_Business_Unit_(Agency_Dept)')?['body/name']"
              }
            ]
          }
        },
        "Send_an_email_(V2)_2": {
          "runAfter": {
            "Apply_to_each": [
              "Succeeded"
            ]
          },
          "metadata": {
            "operationMetadataId": "c12d47f2-3f67-45da-bbd8-7868cc394282"
          },
          "type": "OpenApiConnection",
          "inputs": {
            "host": {
              "connectionName": "shared_office365",
              "operationId": "SendEmailV2",
              "apiId": "/providers/Microsoft.PowerApps/apis/shared_office365"
            },
            "parameters": {
              "emailMessage/To": "@variables('Contact email')",
              "emailMessage/Subject": "A messge from the Portal Admin:  Confirmation: Your File upload Request has been received",
              "emailMessage/Body": "<p>Dear &nbsp;@{outputs('Get_a_row_by_ID_-_Contacts')?['body/fullname']}:<br>\n<br>\nThis is to confirm that your file upload request# @{variables('Upload Request ID')} &nbsp;has been received and is being reviewed. &nbsp;Someone will get back to you soon with instructions.<br>\n<br>\nRequest Summary:<br>\nName: @{outputs('Get_a_row_by_ID_-_Contacts')?['body/fullname']}<br>\nCompany@{variables('CompanyName')}<br>\nRequest for Department: @{variables('Dept Display Name')}<br>\nFile Upload option:@{triggerOutputs()?['body/new_filesizeuploadoption']}</p>",
              "emailMessage/From": "portaladministrator@M365x536742.onmicrosoft.com",
              "emailMessage/Importance": "Normal"
            },
            "authentication": "@parameters('$authentication')"
          }
        },
        "Update_a_File_Upload_Request_row_with_approval": {
          "runAfter": {
            "contactguid_Approver": [
              "Succeeded"
            ]
          },
          "metadata": {
            "operationMetadataId": "8a80c3f9-57cb-46fd-9a3d-d44b0744f699"
          },
          "type": "OpenApiConnection",
          "inputs": {
            "host": {
              "connectionName": "shared_commondataserviceforapps",
              "operationId": "UpdateRecord",
              "apiId": "/providers/Microsoft.PowerApps/apis/shared_commondataserviceforapps"
            },
            "parameters": {
              "entityName": "new_fileuploadrequestses",
              "recordId": "@triggerOutputs()?['body/new_fileuploadrequestsid']",
              "item/new_approvalcomments": "@outputs('Wait_for_approval_for_File_Upload')?['body']?['responses'][0]?['comments']",
              "item/new_approvaloutcome": "@outputs('Wait_for_approval_for_File_Upload')?['body/outcome']",
              "item/new_approvaltimedate": "@outputs('Wait_for_approval_for_File_Upload')?['body']?['responses'][0]?['responseDate']",
              "item/new_Approver@odata.bind": "/contacts(@{outputs('contactguid_Approver')})",
              "item/new_Company@odata.bind": "/accounts(@{outputs('Get_a_row_by_ID_-_Contacts')?['body/_parentcustomerid_value']})"
            },
            "authentication": "@parameters('$authentication')"
          }
        },
        "SearchContacts_": {
          "runAfter": {
            "Wait_for_approval_for_File_Upload": [
              "Succeeded"
            ]
          },
          "metadata": {
            "operationMetadataId": "c9520d36-e138-47ce-b641-dfdae9f11776"
          },
          "type": "OpenApiConnection",
          "inputs": {
            "host": {
              "connectionName": "shared_commondataserviceforapps",
              "operationId": "GetRelevantRows",
              "apiId": "/providers/Microsoft.PowerApps/apis/shared_commondataserviceforapps"
            },
            "parameters": {
              "SearchRequest/search": "@outputs('Wait_for_approval_for_File_Upload')?['body']?['responses'][0]?['responder']?['email']",
              "SearchRequest/entities": [
                "contact"
              ]
            },
            "authentication": "@parameters('$authentication')"
          }
        },
        "Parse_JSON_SearchContacts": {
          "runAfter": {
            "SearchContacts_": [
              "Succeeded"
            ]
          },
          "metadata": {
            "operationMetadataId": "bf5a5cc2-7b9c-4f2a-810e-b09b744be2f3"
          },
          "type": "ParseJson",
          "inputs": {
            "content": "@body('SearchContacts_')",
            "schema": {
              "type": "object",
              "properties": {
                "statusCode": {
                  "type": "integer"
                },
                "headers": {
                  "type": "object",
                  "properties": {
                    "Vary": {
                      "type": "string"
                    },
                    "x-ms-service-request-id": {
                      "type": "string"
                    },
                    "Cache-Control": {
                      "type": "string"
                    },
                    "Set-Cookie": {
                      "type": "string"
                    },
                    "Strict-Transport-Security": {
                      "type": "string"
                    },
                    "REQ_ID": {
                      "type": "string"
                    },
                    "AuthActivityId": {
                      "type": "string"
                    },
                    "X-Content-Type-Options": {
                      "type": "string"
                    },
                    "X-Source": {
                      "type": "string"
                    },
                    "Public": {
                      "type": "string"
                    },
                    "Date": {
                      "type": "string"
                    },
                    "Allow": {
                      "type": "string"
                    },
                    "Content-Type": {
                      "type": "string"
                    },
                    "Expires": {
                      "type": "string"
                    },
                    "Content-Length": {
                      "type": "string"
                    }
                  }
                },
                "body": {
                  "type": "object",
                  "properties": {
                    "value": {
                      "type": "array",
                      "items": {
                        "type": "object",
                        "properties": {
                          "@@search.score": {
                            "type": "number"
                          },
                          "@@search.highlights": {
                            "type": "object",
                            "properties": {
                              "emailaddress1": {
                                "type": "array",
                                "items": {
                                  "type": "string"
                                }
                              }
                            }
                          },
                          "@@search.entityname": {
                            "type": "string"
                          },
                          "@@search.objectid": {
                            "type": "string"
                          },
                          "ownerid": {
                            "type": "string"
                          },
                          "owneridname": {
                            "type": "string"
                          },
                          "@@search.ownerid.logicalname": {
                            "type": "string"
                          },
                          "@@search.objecttypecode": {
                            "type": "integer"
                          },
                          "fullname": {
                            "type": "string"
                          },
                          "createdon": {
                            "type": "string"
                          },
                          "modifiedon": {
                            "type": "string"
                          },
                          "parentcustomerid": {
                            "type": "string"
                          },
                          "parentcustomeridname": {
                            "type": "string"
                          },
                          "@@search.parentcustomerid.logicalname": {
                            "type": "string"
                          },
                          "emailaddress1": {
                            "type": "string"
                          }
                        },
                        "required": [
                          "@@search.score",
                          "@@search.highlights",
                          "@@search.entityname",
                          "@@search.objectid",
                          "ownerid",
                          "owneridname",
                          "@@search.ownerid.logicalname",
                          "@@search.objecttypecode",
                          "fullname",
                          "createdon",
                          "modifiedon",
                          "parentcustomerid",
                          "parentcustomeridname",
                          "@@search.parentcustomerid.logicalname",
                          "emailaddress1"
                        ]
                      }
                    },
                    "facets": {
                      "type": "object",
                      "properties": {}
                    },
                    "totalrecordcount": {
                      "type": "integer"
                    }
                  }
                }
              }
            }
          }
        },
        "contactguid_Approver": {
          "runAfter": {
            "Parse_JSON_SearchContacts": [
              "Succeeded"
            ]
          },
          "metadata": {
            "operationMetadataId": "203c7579-6cec-4cb2-a665-dfb17efd012f"
          },
          "type": "Compose",
          "inputs": "@body('Parse_JSON_SearchContacts')?['value'][0]?['@search.objectid']"
        }
      }
    },
    "templateName": ""
  },
  "schemaVersion": "1.0.0.0"
}