<environmentvariabledefinition schemaname="uspschat_CogSearch_SemanticConfigName">
  <defaultvalue>[INSERT SEMANTIC CONFIG NAME]</defaultvalue>
  <displayname default="CogSearch_SemanticConfigName">
    <label description="CogSearch_SemanticConfigName" languagecode="1033" />
  </displayname>
  <introducedversion>1.0.0.0</introducedversion>
  <iscustomizable>1</iscustomizable>
  <isrequired>0</isrequired>
  <secretstore>0</secretstore>
  <type>100000000</type>
</environmentvariabledefinition>