{
  "namedEntities": [
    {
      "synonyms": [
        "home"
      ],
      "id": "ff0ca6dd-de7a-4bee-b849-16210d63f3c5",
      "displayName": "Home User",
      "updatedTime": "2022-05-21T15:08:56.9807797Z",
      "updatedUserId": "0279dd9b-bd88-4039-9e43-70f1762aaee9"
    },
    {
      "synonyms": [
        "gaming"
      ],
      "id": "2ccf421b-89a6-43a8-8b4f-b8d8f63b58bf",
      "displayName": "Gamer",
      "updatedTime": "2022-05-21T15:08:56.9807797Z",
      "updatedUserId": "0279dd9b-bd88-4039-9e43-70f1762aaee9"
    },
    {
      "synonyms": [
        "business"
      ],
      "id": "2d32734c-9552-47c5-963b-563fe1d9ea7e",
      "displayName": "Business User",
      "updatedTime": "2022-05-21T15:08:56.9807797Z",
      "updatedUserId": "0279dd9b-bd88-4039-9e43-70f1762aaee9"
    }
  ],
  "closedListTypes": [
    {
      "namedEntities": [
        "ff0ca6dd-de7a-4bee-b849-16210d63f3c5",
        "2ccf421b-89a6-43a8-8b4f-b8d8f63b58bf",
        "2d32734c-9552-47c5-963b-563fe1d9ea7e"
      ],
      "smartMatchingEnabled": true,
      "customTypeSchema": "ClosedList",
      "id": "new_customtype_b66e9e92cd304e24a8b8e879495a3c1a_f86fcadfd497444e91ed11c12b059d10",
      "displayName": "Usage Type",
      "description": "Lesson 4 Usage Type Entity",
      "createdTime": "2019-10-25T14:03:43.9601778Z",
      "updatedTime": "2022-05-21T15:08:56.9807797Z",
      "createdUserId": "user0",
      "updatedUserId": "0279dd9b-bd88-4039-9e43-70f1762aaee9"
    }
  ]
}