<environmentvariabledefinition schemaname="va_SpeechServiceVoiceList_GOV">
  <defaultvalue>https://usgovvirginia.tts.speech.azure.us/cognitiveservices/voices/list</defaultvalue>
  <displayname default="SpeechServiceVoiceList_GOV">
    <label description="SpeechServiceVoiceList_GOV" languagecode="1033" />
  </displayname>
  <introducedversion>1.0.0.0</introducedversion>
  <iscustomizable>1</iscustomizable>
  <isrequired>0</isrequired>
  <secretstore>0</secretstore>
  <type>100000000</type>
</environmentvariabledefinition>