<environmentvariabledefinition schemaname="gjr_PPAdmin_email">
  <description default="the email of the email identity of the power platform admin that will be used in flows for emails etc">
    <label description="the email of the email identity of the power platform admin that will be used in flows for emails etc" languagecode="1033" />
  </description>
  <displayname default="PPAdmin_email">
    <label description="PPAdmin_email" languagecode="1033" />
  </displayname>
  <introducedversion>1.0.0.3</introducedversion>
  <iscustomizable>1</iscustomizable>
  <isrequired>0</isrequired>
  <secretstore>0</secretstore>
  <type>100000000</type>
</environmentvariabledefinition>