<environmentvariabledefinition schemaname="uspschat_OpenAIWebSiteSearch_URL">
  <defaultvalue>https://[INSERT OPENAI RESOURCE NAME].openai.azure.com/openai/deployments/[INSERT DAVINCI 003 DEPLOYMENT NAME]/completions?api-version=2023-05-15</defaultvalue>
  <displayname default="OpenAIWebSiteSearch_URL">
    <label description="OpenAIWebSiteSearch_URL" languagecode="1033" />
  </displayname>
  <introducedversion>1.0.0.0</introducedversion>
  <iscustomizable>1</iscustomizable>
  <isrequired>0</isrequired>
  <secretstore>0</secretstore>
  <type>100000000</type>
</environmentvariabledefinition>